season,season_mean_vsby,season_mean_min_vsby,months_present,days_with_data,calendar_days,season_completeness_pct
1980,6.113388544876639,4.71502442002442,3,73,90,81.1
1981,7.158161386800333,6.375386015037594,5,100,151,66.2
1982,5.184592741015024,4.188905239687848,5,92,151,60.9
1983,7.898181818181818,7.2532575757575755,5,37,152,24.3
1984,6.101478174603175,5.739781746031746,5,60,151,39.7
1985,7.827399328449329,6.822673992673993,5,83,151,55.0
1986,6.534415484254308,5.080890606060605,5,92,151,60.9
1987,7.402209523809523,6.874590476190475,5,40,152,26.3
1988,6.8174964387464385,6.479230769230769,5,53,151,35.1
1989,2.5,2.5,1,1,31,3.2
1991,2.7916666666666665,2.7916666666666665,2,4,60,6.7
1992,3.0,3.0,1,1,31,3.2
1993,7.422222222222222,7.422222222222222,3,13,90,14.4
1994,9.5,9.5,2,2,61,3.3
1995,11.25,11.25,3,6,92,6.5
1996,2.5833333333333335,2.5833333333333335,1,3,28,10.7
1997,2.927083333333333,2.927083333333333,4,9,121,7.4
1998,7.58987156862745,6.993294117647059,5,83,151,55.0
1999,6.307625661375662,5.837246031746032,5,56,152,36.8
2000,5.174549287518038,4.283008658008658,5,97,151,64.2
2001,4.367160714285714,4.198809523809524,5,67,151,44.4
2002,5.211904761904762,4.975654761904762,4,22,120,18.3
2003,4.019808547008546,3.7909615384615387,5,52,152,34.2
2004,4.386059188034188,3.977979487179487,5,96,151,63.6
2005,4.449264217296114,3.8254006568144496,5,119,151,78.8
2006,3.689848754177921,3.2258396418396416,5,103,151,68.2
2007,3.6439332780459215,2.8961821200510856,3,72,91,79.1
2008,4.014639364611897,2.5517003609306457,5,137,151,90.7
2009,4.0885596489384906,3.1118918582375477,5,121,151,80.1
2010,4.561767106493724,3.7319641025641026,5,114,151,75.5
2011,4.157564620545193,3.06987921182266,5,125,152,82.2
2012,4.281035181377913,3.374083516483516,5,90,151,59.6
2013,4.867821261045103,4.216881763294177,5,100,151,66.2
2014,4.94894568890816,4.133922464206493,5,131,151,86.8
2015,3.586424803187384,2.9452521346469624,5,91,152,59.9
2016,4.008047334610379,3.687172564102564,5,79,151,52.3
2017,4.27985655977847,2.962597128677774,5,147,151,97.4
2018,4.5268676719280165,2.916473302611367,5,138,151,91.4
2019,4.3050635271462925,2.9712058583611416,5,152,152,100.0
2020,4.428732722328045,3.107157142857143,5,151,151,100.0
2021,6.825633121407273,2.7285720430107525,5,150,151,99.3
2022,4.586587129147654,3.1647410138248846,5,151,151,100.0
2023,4.602517132590345,3.3136252873563214,5,152,152,100.0
2024,4.716266681904026,3.4663106130428707,5,141,151,93.4
2025,5.087168054766583,3.841666666666667,2,60,61,98.4
