date,daily_mean,daily_min,n_obs,year,month,season
1986-03-05,6.0,6.0,1,1986,3,1985.0
1986-03-14,4.0,4.0,1,1986,3,1985.0
1986-03-20,1.4166666666666667,1.0,3,1986,3,1985.0
1986-03-21,16.0,16.0,1,1986,3,1985.0
1986-03-28,7.0,7.0,1,1986,3,1985.0
1986-04-04,12.0,12.0,1,1986,4,
1986-04-06,19.0,19.0,3,1986,4,
1986-04-19,16.0,16.0,1,1986,4,
1986-04-21,14.0,14.0,2,1986,4,
1986-04-24,12.0,12.0,1,1986,4,
1986-04-25,19.0,19.0,1,1986,4,
1986-04-26,19.0,19.0,1,1986,4,
1986-04-27,15.5,12.0,2,1986,4,
1986-04-30,19.0,19.0,1,1986,4,
1986-05-01,19.0,19.0,1,1986,5,
1986-05-07,16.0,16.0,2,1986,5,
1986-07-29,19.0,19.0,1,1986,7,
1988-01-03,11.0,11.0,1,1988,1,1987.0
1988-01-06,1.0,1.0,1,1988,1,1987.0
1988-01-07,0.5,0.5,1,1988,1,1987.0
1988-01-11,14.0,14.0,1,1988,1,1987.0
1988-01-13,1.0,1.0,1,1988,1,1987.0
1988-01-15,16.0,16.0,1,1988,1,1987.0
1988-01-16,1.0,1.0,1,1988,1,1987.0
1988-01-20,16.0,16.0,1,1988,1,1987.0
1988-01-21,19.0,19.0,1,1988,1,1987.0
1988-01-24,9.0,9.0,1,1988,1,1987.0
1988-02-04,2.0,2.0,1,1988,2,1987.0
1988-02-08,1.25,1.25,1,1988,2,1987.0
1988-02-10,12.0,12.0,1,1988,2,1987.0
1988-03-09,6.0,6.0,1,1988,3,1987.0
1988-04-03,4.0,4.0,1,1988,4,
1988-04-06,6.0,6.0,1,1988,4,
1988-04-10,1.0,1.0,1,1988,4,
1988-04-24,19.0,19.0,1,1988,4,
1988-05-31,12.0,12.0,1,1988,5,
1988-06-18,19.0,19.0,1,1988,6,
1988-06-22,19.0,19.0,1,1988,6,
1988-06-29,16.0,16.0,1,1988,6,
1988-07-04,19.0,19.0,1,1988,7,
1988-07-05,19.0,19.0,1,1988,7,
1988-08-03,19.0,19.0,1,1988,8,
1988-08-05,19.0,19.0,1,1988,8,
1988-08-06,19.0,19.0,1,1988,8,
1988-08-22,19.0,19.0,1,1988,8,
1988-08-23,19.0,19.0,1,1988,8,
1988-09-02,19.0,19.0,1,1988,9,
1988-09-06,19.0,19.0,1,1988,9,
1988-09-07,19.0,19.0,2,1988,9,
1988-09-10,19.0,19.0,1,1988,9,
1988-09-15,19.0,19.0,2,1988,9,
1988-09-20,19.0,19.0,2,1988,9,
1988-09-30,9.0,9.0,1,1988,9,
1988-10-02,19.0,19.0,1,1988,10,
1988-10-10,,,0,1988,10,
1988-10-14,19.0,19.0,1,1988,10,
1988-10-16,19.0,19.0,1,1988,10,
1988-10-20,11.5,11.0,2,1988,10,
1988-10-26,19.0,19.0,1,1988,10,
1988-10-30,1.0,1.0,1,1988,10,
1988-11-02,16.0,16.0,1,1988,11,1988.0
1988-11-10,19.0,19.0,1,1988,11,1988.0
1988-11-14,1.0,1.0,1,1988,11,1988.0
1988-12-01,16.0,16.0,1,1988,12,1988.0
1989-03-07,17.5,16.0,2,1989,3,1988.0
1989-04-12,19.0,19.0,1,1989,4,
1989-04-13,19.0,19.0,1,1989,4,
1989-04-14,15.0,11.0,2,1989,4,
1989-04-18,19.0,19.0,1,1989,4,
1989-05-13,19.0,19.0,1,1989,5,
1989-05-16,19.0,19.0,1,1989,5,
1989-05-26,6.0,6.0,1,1989,5,
1989-10-02,19.0,19.0,1,1989,10,
1989-10-06,12.0,12.0,1,1989,10,
1989-10-09,19.0,19.0,1,1989,10,
1989-10-18,9.0,9.0,1,1989,10,
1989-11-11,4.0,4.0,1,1989,11,1989.0
1989-11-13,6.0,6.0,1,1989,11,1989.0
1990-06-06,16.0,16.0,1,1990,6,
1990-06-20,19.0,19.0,1,1990,6,
1990-06-24,19.0,19.0,2,1990,6,
1990-07-04,19.0,19.0,1,1990,7,
1990-07-05,19.0,19.0,1,1990,7,
1990-07-10,19.0,19.0,1,1990,7,
1990-07-16,19.0,19.0,1,1990,7,
1990-07-26,19.0,19.0,1,1990,7,
1990-08-10,19.0,19.0,1,1990,8,
1990-08-20,6.0,6.0,1,1990,8,
1990-09-07,16.0,16.0,1,1990,9,
1990-09-09,19.0,19.0,1,1990,9,
1990-10-21,19.0,19.0,1,1990,10,
1991-02-14,11.0,11.0,1,1991,2,1990.0
1991-02-16,19.0,19.0,1,1991,2,1990.0
1991-02-26,9.0,9.0,2,1991,2,1990.0
1991-03-11,5.0,5.0,1,1991,3,1990.0
1991-03-15,6.0,6.0,2,1991,3,1990.0
1991-03-25,2.75,1.5,2,1991,3,1990.0
1991-03-27,15.5,12.0,2,1991,3,1990.0
1991-03-30,16.0,16.0,2,1991,3,1990.0
1991-04-01,9.0,9.0,1,1991,4,
1994-03-16,1.0,1.0,1,1994,3,1993.0
1994-03-17,1.0,1.0,1,1994,3,1993.0
1994-06-14,16.0,16.0,1,1994,6,
1994-06-16,12.0,12.0,1,1994,6,
1994-06-21,12.0,12.0,1,1994,6,
1994-07-04,16.0,16.0,1,1994,7,
1994-10-26,16.0,16.0,1,1994,10,
1994-10-31,9.0,9.0,1,1994,10,
1994-12-20,2.5,2.5,1,1994,12,1994.0
1994-12-22,12.0,12.0,1,1994,12,1994.0
1995-01-11,9.0,9.0,1,1995,1,1994.0
1995-04-05,2.5,2.5,1,1995,4,
1995-04-10,12.0,12.0,1,1995,4,
1995-04-28,12.0,12.0,1,1995,4,
1995-08-15,19.0,19.0,1,1995,8,
1995-11-22,2.5,2.5,1,1995,11,1995.0
1995-11-28,4.0,4.0,1,1995,11,1995.0
1995-11-29,5.0,5.0,1,1995,11,1995.0
1995-12-18,12.0,12.0,1,1995,12,1995.0
1995-12-19,12.0,12.0,1,1995,12,1995.0
1996-01-08,19.0,19.0,1,1996,1,1995.0
1996-01-10,14.0,12.0,2,1996,1,1995.0
1996-01-15,16.0,16.0,1,1996,1,1995.0
1996-01-18,2.0,2.0,1,1996,1,1995.0
1996-01-24,12.0,12.0,1,1996,1,1995.0
1996-02-12,1.0,1.0,1,1996,2,1995.0
1996-03-29,6.0,6.0,1,1996,3,1995.0
1996-04-02,6.0,6.0,1,1996,4,
1996-07-14,16.0,16.0,1,1996,7,
1996-07-16,12.0,12.0,1,1996,7,
1996-09-27,11.0,7.0,3,1996,9,
1996-09-28,6.0,6.0,1,1996,9,
1996-10-07,16.0,16.0,1,1996,10,
1997-02-19,5.0,1.0,2,1997,2,1996.0
1997-03-30,2.5,2.5,1,1997,3,1996.0
1997-06-18,12.0,12.0,1,1997,6,
1998-03-10,9.0,9.0,1,1998,3,1997.0
2001-07-16,12.0,12.0,1,2001,7,
2001-08-13,14.0,14.0,2,2001,8,
2001-08-17,14.0,14.0,2,2001,8,
2001-08-20,14.0,14.0,1,2001,8,
2001-08-21,9.0,9.0,1,2001,8,
2001-08-29,12.0,12.0,1,2001,8,
2001-09-12,12.0,12.0,1,2001,9,
2002-06-13,6.0,6.0,1,2002,6,
2003-06-17,6.0,6.0,2,2003,6,
2003-07-10,14.0,14.0,1,2003,7,
2003-07-21,14.0,14.0,1,2003,7,
2003-08-09,14.0,14.0,1,2003,8,
2004-08-02,14.0,14.0,1,2004,8,
2004-11-11,12.0,12.0,1,2004,11,2004.0
2005-08-08,10.0,10.0,1,2005,8,
2005-10-10,9.0,9.0,1,2005,10,
2005-11-09,3.0,3.0,1,2005,11,2005.0
2005-11-10,10.0,10.0,1,2005,11,2005.0
2005-12-12,7.0,7.0,1,2005,12,2005.0
2006-02-24,14.0,14.0,1,2006,2,2005.0
2006-02-26,1.25,1.25,2,2006,2,2005.0
2006-02-28,2.5,2.5,1,2006,2,2005.0
2006-03-01,2.5,2.5,1,2006,3,2005.0
2006-03-02,9.0,9.0,1,2006,3,2005.0
2006-03-03,2.0,2.0,1,2006,3,2005.0
2006-03-04,2.5,2.5,1,2006,3,2005.0
2006-03-11,0.25,0.25,1,2006,3,2005.0
2006-03-12,1.0,1.0,1,2006,3,2005.0
2006-03-14,12.0,12.0,1,2006,3,2005.0
2006-03-15,12.0,12.0,1,2006,3,2005.0
2006-03-17,11.0,11.0,1,2006,3,2005.0
2006-03-19,5.0,5.0,1,2006,3,2005.0
2006-03-20,4.0,4.0,1,2006,3,2005.0
2006-03-23,2.5,2.5,1,2006,3,2005.0
2006-03-30,0.38,0.38,1,2006,3,2005.0
2006-04-01,6.0,6.0,1,2006,4,
2006-04-16,6.0,6.0,1,2006,4,
2006-04-18,1.25,1.25,1,2006,4,
2006-04-20,14.0,14.0,1,2006,4,
2006-05-02,16.0,16.0,1,2006,5,
2006-05-03,12.0,12.0,1,2006,5,
2006-05-04,12.0,12.0,1,2006,5,
2006-05-05,12.0,12.0,1,2006,5,
2006-05-07,12.0,12.0,1,2006,5,
2006-05-08,16.0,16.0,1,2006,5,
2006-05-14,6.0,6.0,1,2006,5,
2006-05-20,7.0,7.0,1,2006,5,
2006-05-22,12.0,12.0,1,2006,5,
2006-05-26,12.0,12.0,1,2006,5,
2006-05-27,14.0,14.0,1,2006,5,
2006-05-31,14.0,14.0,1,2006,5,
2006-06-01,12.0,12.0,1,2006,6,
2006-06-02,12.0,12.0,1,2006,6,
2006-06-05,14.0,14.0,1,2006,6,
2006-06-09,12.0,12.0,1,2006,6,
2006-06-10,7.0,7.0,1,2006,6,
2006-06-11,6.0,6.0,1,2006,6,
2006-06-12,6.0,6.0,1,2006,6,
2006-06-17,12.0,12.0,1,2006,6,
2006-06-18,12.0,12.0,1,2006,6,
2006-06-19,10.5,9.0,2,2006,6,
2006-06-20,12.0,12.0,1,2006,6,
2006-06-21,14.0,14.0,1,2006,6,
2006-06-23,12.0,12.0,1,2006,6,
2006-06-24,12.0,12.0,1,2006,6,
2006-06-25,12.0,12.0,1,2006,6,
2006-06-26,12.0,12.0,1,2006,6,
2006-06-27,12.0,12.0,1,2006,6,
2006-06-28,12.0,12.0,1,2006,6,
2006-07-02,12.0,12.0,1,2006,7,
2006-07-04,12.0,12.0,1,2006,7,
2006-07-05,12.0,12.0,1,2006,7,
2006-07-10,11.0,11.0,1,2006,7,
2006-07-11,12.0,12.0,1,2006,7,
2006-07-12,12.0,12.0,1,2006,7,
2006-07-18,11.0,11.0,1,2006,7,
2006-07-20,9.0,9.0,1,2006,7,
2006-07-24,14.0,14.0,1,2006,7,
2006-07-27,12.0,12.0,1,2006,7,
2006-08-03,11.0,11.0,1,2006,8,
2006-08-04,12.0,12.0,1,2006,8,
2006-08-05,12.0,12.0,1,2006,8,
2006-09-21,12.0,12.0,1,2006,9,
2006-09-22,12.0,12.0,1,2006,9,
2006-09-28,12.0,12.0,1,2006,9,
2006-10-02,12.0,12.0,1,2006,10,
2006-10-03,12.0,12.0,1,2006,10,
2006-10-04,12.0,12.0,1,2006,10,
2006-10-09,12.0,12.0,1,2006,10,
2006-10-10,12.0,12.0,1,2006,10,
2006-10-24,12.0,12.0,1,2006,10,
2006-10-26,9.0,9.0,1,2006,10,
2006-11-02,12.0,12.0,1,2006,11,2006.0
2006-11-03,12.0,12.0,1,2006,11,2006.0
2006-11-06,12.0,12.0,1,2006,11,2006.0
2006-11-08,2.5,2.5,1,2006,11,2006.0
2006-11-10,1.25,1.25,1,2006,11,2006.0
2006-11-11,3.0,3.0,1,2006,11,2006.0
2006-11-16,0.38,0.38,1,2006,11,2006.0
2006-11-17,0.5,0.5,1,2006,11,2006.0
2006-11-18,0.25,0.25,1,2006,11,2006.0
2006-11-20,2.0,2.0,1,2006,11,2006.0
2006-11-22,3.0,3.0,1,2006,11,2006.0
2006-11-28,12.0,12.0,1,2006,11,2006.0
2006-12-02,1.0,1.0,1,2006,12,2006.0
2006-12-04,7.0,7.0,1,2006,12,2006.0
2006-12-05,1.25,1.25,1,2006,12,2006.0
2006-12-08,2.5,2.5,1,2006,12,2006.0
2006-12-21,5.0,5.0,1,2006,12,2006.0
2008-01-12,7.0,7.0,1,2008,1,2007.0
2008-01-16,1.0,1.0,1,2008,1,2007.0
2008-01-22,2.5,2.5,1,2008,1,2007.0
2008-01-25,12.0,12.0,1,2008,1,2007.0
2008-02-01,0.25,0.25,1,2008,2,2007.0
2008-02-04,4.25,2.5,2,2008,2,2007.0
2008-02-05,12.0,12.0,1,2008,2,2007.0
2008-02-06,14.0,12.0,2,2008,2,2007.0
2008-02-07,9.5,7.0,2,2008,2,2007.0
2008-02-08,7.0,7.0,1,2008,2,2007.0
2008-05-09,11.5,11.0,2,2008,5,
2008-05-10,6.0,6.0,2,2008,5,
2008-05-12,6.666666666666667,6.0,3,2008,5,
2008-05-15,9.0,9.0,4,2008,5,
2008-05-21,7.0,7.0,3,2008,5,
2008-05-22,10.5,9.0,2,2008,5,
2008-05-23,12.0,12.0,1,2008,5,
2008-05-24,12.0,12.0,2,2008,5,
2008-05-25,8.0,6.0,2,2008,5,
2008-05-29,12.0,12.0,2,2008,5,
2008-05-30,9.0,9.0,1,2008,5,
2008-06-02,12.0,12.0,3,2008,6,
2008-06-03,12.0,12.0,3,2008,6,
2008-06-04,12.0,12.0,2,2008,6,
2008-06-05,12.0,12.0,2,2008,6,
2008-06-07,11.0,11.0,4,2008,6,
2008-06-08,12.0,12.0,1,2008,6,
2008-06-11,12.0,12.0,1,2008,6,
2008-06-12,6.333333333333333,5.0,3,2008,6,
2008-06-14,12.0,12.0,5,2008,6,
2008-06-15,6.25,4.0,4,2008,6,
2008-06-16,9.0,9.0,1,2008,6,
2008-06-17,12.0,12.0,2,2008,6,
2008-06-19,9.0,9.0,1,2008,6,
2008-06-20,11.0,9.0,3,2008,6,
2008-06-21,11.0,11.0,2,2008,6,
2008-06-22,12.0,12.0,1,2008,6,
2008-06-24,12.0,12.0,1,2008,6,
2008-06-25,12.0,12.0,1,2008,6,
2008-06-27,10.4,5.0,5,2008,6,
2008-06-28,12.0,12.0,1,2008,6,
2008-06-29,8.5,5.0,2,2008,6,
2008-06-30,11.5,11.0,2,2008,6,
2008-07-01,11.0,11.0,1,2008,7,
2008-07-02,12.0,12.0,4,2008,7,
2008-07-03,11.0,11.0,2,2008,7,
2008-07-05,12.0,12.0,2,2008,7,
2008-07-07,9.0,9.0,1,2008,7,
2008-07-16,12.0,12.0,1,2008,7,
2008-10-12,12.0,12.0,1,2008,10,
2008-10-22,5.0,5.0,1,2008,10,
2008-10-25,2.0,2.0,1,2008,10,
2008-11-05,1.0,1.0,1,2008,11,2008.0
2008-11-11,0.5,0.5,1,2008,11,2008.0
2008-11-13,0.5,0.5,1,2008,11,2008.0
2008-11-14,0.565,0.38,4,2008,11,2008.0
2008-11-15,2.25,2.0,2,2008,11,2008.0
2008-11-23,12.0,12.0,1,2008,11,2008.0
2008-11-26,12.0,12.0,1,2008,11,2008.0
2008-12-02,5.0,5.0,1,2008,12,2008.0
2008-12-05,3.0,3.0,1,2008,12,2008.0
2008-12-06,6.0,6.0,1,2008,12,2008.0
2008-12-08,4.0,4.0,1,2008,12,2008.0
2008-12-10,5.0,5.0,1,2008,12,2008.0
2008-12-11,4.0,4.0,1,2008,12,2008.0
2008-12-17,4.0,4.0,1,2008,12,2008.0
2008-12-29,0.38,0.38,1,2008,12,2008.0
2009-01-20,1.0,1.0,1,2009,1,2008.0
2009-04-10,11.0,11.0,1,2009,4,
2009-04-13,9.0,9.0,1,2009,4,
2009-05-24,7.5,4.0,2,2009,5,
2009-05-25,9.0,9.0,3,2009,5,
2009-05-26,8.0,6.0,3,2009,5,
2009-05-27,9.0,9.0,1,2009,5,
2009-05-28,9.0,9.0,2,2009,5,
2009-05-29,9.0,9.0,3,2009,5,
2009-05-30,5.333333333333333,4.0,3,2009,5,
2009-05-31,10.0,9.0,2,2009,5,
2009-06-01,7.666666666666667,7.0,3,2009,6,
2009-06-02,7.0,4.0,3,2009,6,
2009-06-03,8.333333333333334,7.0,3,2009,6,
2009-06-04,9.0,9.0,3,2009,6,
2009-06-05,11.0,11.0,1,2009,6,
2009-06-06,8.5,7.0,4,2009,6,
2009-06-07,11.25,9.0,4,2009,6,
2009-06-08,11.0,11.0,1,2009,6,
2009-06-09,10.0,9.0,2,2009,6,
2009-06-10,8.0,7.0,2,2009,6,
2009-06-11,12.0,12.0,1,2009,6,
2009-06-12,11.25,11.0,4,2009,6,
2009-06-13,12.0,12.0,2,2009,6,
2009-06-14,12.0,12.0,2,2009,6,
2009-06-15,9.0,9.0,1,2009,6,
2009-06-16,12.0,12.0,1,2009,6,
2009-06-21,2.0,2.0,1,2009,6,
2009-06-22,11.0,11.0,4,2009,6,
2009-06-23,12.0,12.0,2,2009,6,
2009-06-24,11.0,11.0,2,2009,6,
2009-06-25,12.0,12.0,2,2009,6,
2009-06-27,11.0,11.0,1,2009,6,
2009-06-28,12.0,12.0,2,2009,6,
2009-06-29,9.0,9.0,1,2009,6,
2009-06-30,9.0,9.0,2,2009,6,
2009-07-02,11.0,11.0,1,2009,7,
2009-07-07,9.0,9.0,1,2009,7,
2009-07-08,11.0,11.0,3,2009,7,
2009-07-09,9.0,9.0,1,2009,7,
2009-07-10,11.0,11.0,1,2009,7,
2009-07-11,12.0,12.0,1,2009,7,
2009-07-12,11.333333333333334,11.0,3,2009,7,
2009-07-14,10.5,9.0,2,2009,7,
2009-07-15,8.5,6.0,2,2009,7,
2009-07-16,11.0,11.0,1,2009,7,
2009-07-21,11.0,11.0,1,2009,7,
2009-07-22,11.0,11.0,1,2009,7,
2009-07-23,11.0,11.0,1,2009,7,
2009-07-28,9.0,7.0,2,2009,7,
2009-07-30,9.0,9.0,1,2009,7,
2009-08-01,10.0,9.0,2,2009,8,
2009-08-02,8.0,7.0,2,2009,8,
2009-08-04,9.5,9.0,2,2009,8,
2009-08-06,11.0,11.0,1,2009,8,
2009-08-07,12.0,12.0,1,2009,8,
2009-08-09,10.0,9.0,2,2009,8,
2009-08-10,12.0,12.0,1,2009,8,
2009-08-12,11.0,11.0,2,2009,8,
2009-08-13,12.0,12.0,1,2009,8,
2009-08-16,10.0,9.0,2,2009,8,
2009-08-19,6.0,6.0,1,2009,8,
2009-08-22,9.0,9.0,2,2009,8,
2009-08-24,7.0,7.0,1,2009,8,
2009-08-25,7.0,7.0,1,2009,8,
2009-08-26,12.0,12.0,2,2009,8,
2009-09-18,9.0,9.0,1,2009,9,
2009-09-20,7.0,7.0,1,2009,9,
2009-09-27,7.0,7.0,1,2009,9,
2009-10-04,4.0,4.0,1,2009,10,
2009-10-05,5.0,5.0,1,2009,10,
2009-10-07,5.0,5.0,3,2009,10,
2009-10-08,5.0,5.0,2,2009,10,
2009-10-11,5.0,5.0,1,2009,10,
2009-10-15,5.0,5.0,1,2009,10,
2009-10-16,7.0,7.0,1,2009,10,
2009-10-17,6.5,6.0,2,2009,10,
2009-10-18,6.5,6.0,2,2009,10,
2009-10-22,9.0,9.0,1,2009,10,
2009-10-24,7.0,7.0,2,2009,10,
2009-10-25,9.0,9.0,3,2009,10,
2009-10-26,9.0,9.0,2,2009,10,
2009-10-27,7.0,7.0,2,2009,10,
2009-10-28,9.0,9.0,2,2009,10,
2009-10-29,6.0,6.0,2,2009,10,
2009-10-30,8.0,7.0,2,2009,10,
2009-10-31,6.5,6.0,2,2009,10,
2009-11-01,6.5,6.0,4,2009,11,2009.0
2009-11-02,5.0,5.0,1,2009,11,2009.0
2009-11-03,9.0,9.0,2,2009,11,2009.0
2009-11-06,8.0,6.0,3,2009,11,2009.0
2009-11-10,5.0,5.0,1,2009,11,2009.0
2009-11-13,11.0,11.0,1,2009,11,2009.0
2009-11-15,1.75,1.0,3,2009,11,2009.0
2009-11-16,1.625,1.25,2,2009,11,2009.0
2009-11-19,2.0,1.0,2,2009,11,2009.0
2009-11-20,4.0,4.0,1,2009,11,2009.0
2009-11-23,6.0,6.0,1,2009,11,2009.0
2009-12-03,7.5,6.0,2,2009,12,2009.0
2009-12-04,12.0,12.0,1,2009,12,2009.0
2009-12-08,1.0,1.0,2,2009,12,2009.0
2009-12-10,12.0,12.0,1,2009,12,2009.0
2009-12-11,8.0,7.0,2,2009,12,2009.0
2009-12-13,8.0,6.0,3,2009,12,2009.0
2009-12-15,9.0,9.0,2,2009,12,2009.0
2009-12-16,7.0,7.0,1,2009,12,2009.0
2009-12-17,11.0,11.0,1,2009,12,2009.0
2009-12-19,6.0,6.0,1,2009,12,2009.0
2009-12-22,7.0,7.0,1,2009,12,2009.0
2009-12-25,6.666666666666667,6.0,3,2009,12,2009.0
2009-12-26,4.5,4.0,2,2009,12,2009.0
2009-12-29,11.666666666666666,11.0,3,2009,12,2009.0
2009-12-30,0.6266666666666666,0.38,3,2009,12,2009.0
2009-12-31,2.0,2.0,1,2009,12,2009.0
2010-01-02,11.0,9.0,3,2010,1,2009.0
2010-01-03,10.0,9.0,2,2010,1,2009.0
2010-01-04,9.0,9.0,2,2010,1,2009.0
2010-01-06,8.0,7.0,2,2010,1,2009.0
2010-01-10,7.5,6.0,2,2010,1,2009.0
2010-01-11,7.0,7.0,2,2010,1,2009.0
2010-01-13,7.0,7.0,2,2010,1,2009.0
2010-01-17,1.0,1.0,1,2010,1,2009.0
2010-01-26,6.5,6.0,2,2010,1,2009.0
2010-01-29,6.0,6.0,4,2010,1,2009.0
2010-02-02,9.0,9.0,1,2010,2,2009.0
2010-02-04,1.0625,1.0,4,2010,2,2009.0
2010-02-07,9.0,9.0,2,2010,2,2009.0
2010-02-10,11.0,11.0,2,2010,2,2009.0
2010-02-13,8.333333333333334,7.0,3,2010,2,2009.0
2010-02-16,10.333333333333334,9.0,3,2010,2,2009.0
2010-02-19,9.0,9.0,3,2010,2,2009.0
2010-02-22,6.0,6.0,1,2010,2,2009.0
2010-02-28,2.75,2.5,2,2010,2,2009.0
2010-03-22,1.0,1.0,1,2010,3,2009.0
2010-03-23,1.0,1.0,1,2010,3,2009.0
2010-03-28,1.5,1.5,1,2010,3,2009.0
2010-04-03,7.0,7.0,1,2010,4,
2010-04-07,1.0,1.0,1,2010,4,
2010-04-10,2.0,2.0,1,2010,4,
2010-04-11,7.0,7.0,1,2010,4,
2010-05-02,1.25,1.25,1,2010,5,
2010-05-06,9.0,9.0,1,2010,5,
2010-05-28,12.0,12.0,1,2010,5,
2010-06-02,6.0,6.0,1,2010,6,
2010-06-10,10.0,10.0,2,2010,6,
2010-06-27,11.0,11.0,1,2010,6,
2010-06-29,9.0,9.0,1,2010,6,
2010-06-30,10.0,10.0,4,2010,6,
2010-07-01,11.0,11.0,2,2010,7,
2010-07-02,7.0,7.0,2,2010,7,
2010-07-03,7.0,7.0,1,2010,7,
2010-07-04,10.333333333333334,9.0,3,2010,7,
2010-07-05,8.8,7.0,5,2010,7,
2010-07-06,9.0,9.0,1,2010,7,
2010-07-07,8.0,7.0,2,2010,7,
2010-07-08,9.4,7.0,5,2010,7,
2010-07-09,11.0,11.0,3,2010,7,
2010-07-10,6.5,6.0,2,2010,7,
2010-07-11,11.0,11.0,1,2010,7,
2010-07-12,11.0,11.0,3,2010,7,
2010-07-13,8.0,6.0,4,2010,7,
2010-07-14,9.0,9.0,3,2010,7,
2010-07-15,8.0,8.0,1,2010,7,
2010-07-16,8.666666666666666,6.0,3,2010,7,
2010-07-17,9.666666666666666,9.0,3,2010,7,
2010-07-18,9.0,9.0,2,2010,7,
2010-07-19,7.0,7.0,2,2010,7,
2010-07-20,7.0,7.0,1,2010,7,
2010-07-21,9.0,9.0,1,2010,7,
2010-07-22,7.0,7.0,1,2010,7,
2010-07-23,9.0,7.0,3,2010,7,
2010-07-26,10.0,10.0,2,2010,7,
2010-07-27,6.0,6.0,1,2010,7,
2010-08-10,6.0,6.0,1,2010,8,
2010-08-18,7.5,6.0,2,2010,8,
2010-08-19,11.0,11.0,1,2010,8,
2010-08-21,4.0,4.0,1,2010,8,
2010-08-23,10.0,9.0,2,2010,8,
2010-09-06,6.0,6.0,1,2010,9,
2010-09-08,6.0,6.0,1,2010,9,
2010-10-17,8.5,7.0,2,2010,10,
2010-10-24,6.0,6.0,2,2010,10,
2010-10-25,9.0,9.0,2,2010,10,
2010-10-26,8.333333333333334,7.0,3,2010,10,
2010-10-27,6.0,6.0,1,2010,10,
2010-10-28,7.0,7.0,1,2010,10,
2010-10-29,3.375,2.0,4,2010,10,
2010-10-30,2.4375,1.0,4,2010,10,
2010-10-31,1.7,1.0,5,2010,10,
2010-11-01,2.5,2.0,2,2010,11,2010.0
2010-11-02,6.1,2.5,5,2010,11,2010.0
2010-11-03,7.5,6.0,4,2010,11,2010.0
2010-11-04,7.5,6.0,2,2010,11,2010.0
2010-11-05,7.5,6.0,2,2010,11,2010.0
2010-11-09,9.0,9.0,2,2010,11,2010.0
2010-11-11,8.0,6.0,3,2010,11,2010.0
2010-11-12,6.0,6.0,2,2010,11,2010.0
2010-11-13,7.75,6.0,4,2010,11,2010.0
2010-11-14,7.333333333333333,6.0,3,2010,11,2010.0
2010-11-15,7.0,6.0,3,2010,11,2010.0
2010-11-16,8.25,6.0,4,2010,11,2010.0
2010-11-17,9.0,9.0,3,2010,11,2010.0
2010-11-18,9.0,9.0,2,2010,11,2010.0
2010-11-19,7.2,6.0,5,2010,11,2010.0
2010-11-20,7.0,6.0,3,2010,11,2010.0
2010-11-21,5.25,4.0,4,2010,11,2010.0
2010-11-24,10.0,6.0,3,2010,11,2010.0
2010-11-25,9.0,9.0,2,2010,11,2010.0
2010-11-27,8.0,5.0,4,2010,11,2010.0
2010-11-28,9.0,9.0,2,2010,11,2010.0
2010-12-03,7.5249999999999995,4.97,6,2010,12,2010.0
2010-12-04,6.6085714285714285,6.21,7,2010,12,2010.0
2010-12-05,7.605,6.21,6,2010,12,2010.0
2010-12-06,4.49,3.73,7,2010,12,2010.0
2010-12-07,2.6174999999999997,1.0,4,2010,12,2010.0
2010-12-08,3.0,3.0,2,2010,12,2010.0
2010-12-09,4.764444444444444,4.0,9,2010,12,2010.0
2010-12-10,3.4250000000000003,2.0,12,2010,12,2010.0
2010-12-11,4.484999999999999,3.0,4,2010,12,2010.0
2010-12-12,4.24875,1.0,8,2010,12,2010.0
2010-12-13,6.25625,6.0,8,2010,12,2010.0
2010-12-14,6.5680000000000005,6.21,10,2010,12,2010.0
2010-12-15,6.0,6.0,1,2010,12,2010.0
2010-12-16,6.0,6.0,1,2010,12,2010.0
2010-12-18,7.0840000000000005,6.21,5,2010,12,2010.0
2010-12-19,1.7725,0.62,8,2010,12,2010.0
2010-12-20,2.718,1.12,5,2010,12,2010.0
2010-12-21,5.95,3.6,7,2010,12,2010.0
2010-12-22,5.714,3.73,5,2010,12,2010.0
2010-12-23,6.668888888888889,4.97,9,2010,12,2010.0
2010-12-24,6.0,6.0,1,2010,12,2010.0
2010-12-25,6.0,6.0,1,2010,12,2010.0
2010-12-28,6.484,6.0,5,2010,12,2010.0
2010-12-29,4.044,3.0,5,2010,12,2010.0
2010-12-30,4.0,2.0,2,2010,12,2010.0
2010-12-31,0.5433333333333333,0.38,3,2010,12,2010.0
2011-01-01,1.3125,1.0,4,2011,1,2010.0
2011-01-02,5.0,5.0,1,2011,1,2010.0
2011-01-04,8.5,6.0,2,2011,1,2010.0
2011-01-05,6.0,6.0,3,2011,1,2010.0
2011-01-06,4.2,3.0,5,2011,1,2010.0
2011-01-07,8.0,8.0,1,2011,1,2010.0
2011-01-09,0.12,0.12,1,2011,1,2010.0
2011-01-14,3.75,3.0,4,2011,1,2010.0
2011-01-15,3.0,2.0,6,2011,1,2010.0
2011-01-16,3.0,3.0,1,2011,1,2010.0
2011-01-17,0.6266666666666666,0.38,3,2011,1,2010.0
2011-01-18,2.8333333333333335,2.0,6,2011,1,2010.0
2011-01-19,1.2466666666666668,1.24,3,2011,1,2010.0
2011-01-20,1.5525,1.24,4,2011,1,2010.0
2011-01-21,5.0,5.0,1,2011,1,2010.0
2011-01-22,4.0,4.0,2,2011,1,2010.0
2011-01-23,9.0,9.0,1,2011,1,2010.0
2011-01-26,5.0,5.0,1,2011,1,2010.0
2011-01-27,6.0,6.0,2,2011,1,2010.0
2011-01-28,3.0549999999999997,3.0,2,2011,1,2010.0
2011-01-29,6.403333333333333,6.0,3,2011,1,2010.0
2011-01-30,6.105,6.0,2,2011,1,2010.0
2011-01-31,5.045,4.0,4,2011,1,2010.0
2011-02-01,7.0,6.0,8,2011,2,2010.0
2011-02-02,7.0,6.0,3,2011,2,2010.0
2011-02-03,5.0,4.0,3,2011,2,2010.0
2011-02-07,4.333333333333333,4.0,3,2011,2,2010.0
2011-02-08,6.0,6.0,1,2011,2,2010.0
2011-02-09,1.625,1.25,2,2011,2,2010.0
2011-02-10,6.5,6.0,2,2011,2,2010.0
2011-02-12,3.111111111111111,2.0,9,2011,2,2010.0
2011-02-18,5.0,5.0,1,2011,2,2010.0
2011-03-03,2.0,2.0,1,2011,3,2010.0
2011-03-11,6.333333333333333,6.0,3,2011,3,2010.0
2011-03-12,9.5,9.0,2,2011,3,2010.0
2011-03-13,6.0,6.0,1,2011,3,2010.0
2011-03-14,5.0,3.0,4,2011,3,2010.0
2011-03-15,2.2857142857142856,2.0,7,2011,3,2010.0
2011-03-16,5.0,4.0,3,2011,3,2010.0
2011-03-17,2.625,1.25,2,2011,3,2010.0
2011-03-18,2.75,2.5,2,2011,3,2010.0
2011-03-19,6.0,4.0,3,2011,3,2010.0
2011-03-20,6.333333333333333,6.0,3,2011,3,2010.0
2011-03-21,11.0,10.0,2,2011,3,2010.0
2011-03-22,6.0,6.0,2,2011,3,2010.0
2011-03-23,5.0,5.0,2,2011,3,2010.0
2011-03-24,3.0,3.0,1,2011,3,2010.0
2011-03-25,1.1666666666666667,0.5,3,2011,3,2010.0
2011-03-26,0.726,0.38,5,2011,3,2010.0
2011-03-28,5.0,3.0,3,2011,3,2010.0
2011-03-29,5.5,5.0,2,2011,3,2010.0
2011-03-30,5.0,4.0,2,2011,3,2010.0
2011-03-31,4.0,4.0,1,2011,3,2010.0
2011-04-02,4.0,4.0,1,2011,4,
2011-04-05,3.0,1.0,2,2011,4,
2011-04-07,4.0,4.0,1,2011,4,
2011-04-08,5.666666666666667,4.0,6,2011,4,
2011-04-09,5.0,5.0,1,2011,4,
2011-04-10,8.0,6.0,2,2011,4,
2011-04-11,5.75,5.0,4,2011,4,
2011-04-12,7.0,7.0,2,2011,4,
2011-04-13,7.0,5.0,2,2011,4,
2011-04-15,6.0,6.0,1,2011,4,
2011-04-16,6.0,6.0,1,2011,4,
2011-04-17,6.0,6.0,1,2011,4,
2011-04-18,6.0,6.0,1,2011,4,
2011-04-19,6.0,6.0,1,2011,4,
2011-04-20,7.0,7.0,1,2011,4,
2011-04-21,6.0,6.0,1,2011,4,
2011-04-22,6.0,6.0,1,2011,4,
2011-04-23,7.0,7.0,1,2011,4,
2011-04-24,6.0,6.0,2,2011,4,
2011-04-25,6.0,6.0,1,2011,4,
2011-04-26,6.0,6.0,3,2011,4,
2011-04-27,6.888888888888889,6.0,9,2011,4,
2011-04-28,7.166666666666667,6.0,6,2011,4,
2011-04-29,6.0,6.0,5,2011,4,
2011-04-30,6.0,6.0,1,2011,4,
2011-05-04,7.0,7.0,1,2011,5,
2011-05-06,9.0,9.0,1,2011,5,
2011-05-08,8.0,6.0,4,2011,5,
2011-05-09,8.0,8.0,1,2011,5,
2011-05-11,6.0,6.0,4,2011,5,
2011-05-15,2.5,2.5,1,2011,5,
2011-05-16,6.0,6.0,1,2011,5,
2011-05-17,6.0,6.0,1,2011,5,
2011-05-18,6.333333333333333,6.0,3,2011,5,
2011-05-19,7.0,7.0,2,2011,5,
2011-05-20,6.2,6.0,5,2011,5,
2011-05-21,7.07,6.0,3,2011,5,
2011-05-22,7.0,7.0,2,2011,5,
2011-05-24,7.666666666666667,7.0,3,2011,5,
2011-05-26,6.75,6.0,8,2011,5,
2011-05-27,7.333333333333333,7.0,6,2011,5,
2011-05-28,9.0,9.0,1,2011,5,
2011-05-29,9.333333333333334,6.0,3,2011,5,
2011-05-30,7.666666666666667,6.0,6,2011,5,
2011-06-01,7.222222222222222,6.0,9,2011,6,
2011-06-02,6.5,6.0,6,2011,6,
2011-06-03,6.0,6.0,1,2011,6,
2011-06-04,7.5525,6.21,4,2011,6,
2011-06-05,6.736666666666667,6.0,3,2011,6,
2011-06-07,7.375,6.0,8,2011,6,
2011-06-08,7.25,6.0,8,2011,6,
2011-06-09,8.2,6.0,5,2011,6,
2011-06-10,7.166666666666667,6.0,6,2011,6,
2011-06-11,7.8,7.0,5,2011,6,
2011-06-12,7.6,6.0,5,2011,6,
2011-06-14,8.0,8.0,1,2011,6,
2011-06-15,9.0,6.0,4,2011,6,
2011-06-16,8.0,6.0,9,2011,6,
2011-06-18,6.0,6.0,1,2011,6,
2011-06-19,7.0,7.0,2,2011,6,
2011-06-20,7.0,6.0,2,2011,6,
2011-06-21,7.0,7.0,3,2011,6,
2011-06-22,6.5,6.0,2,2011,6,
2011-06-30,7.0,5.0,3,2011,6,
2011-07-01,7.2,6.0,5,2011,7,
2011-07-02,8.0,8.0,1,2011,7,
2011-07-03,6.833333333333333,6.0,6,2011,7,
2011-07-04,8.666666666666666,6.0,3,2011,7,
2011-07-05,9.0,9.0,1,2011,7,
2011-07-06,7.5,6.0,4,2011,7,
2011-07-11,7.0,6.0,3,2011,7,
2011-07-12,6.5,6.0,4,2011,7,
2011-07-13,6.916666666666667,6.0,12,2011,7,
2011-07-14,7.0,7.0,3,2011,7,
2011-07-15,6.222222222222222,6.0,9,2011,7,
2011-07-16,7.0,7.0,1,2011,7,
2011-07-17,6.0,6.0,3,2011,7,
2011-07-18,7.666666666666667,6.0,3,2011,7,
2011-07-19,6.5,6.0,4,2011,7,
2011-07-20,7.0,7.0,1,2011,7,
2011-07-21,7.333333333333333,6.0,3,2011,7,
2011-07-23,8.0,7.0,3,2011,7,
2011-07-24,7.5,6.0,2,2011,7,
2011-07-26,8.5,7.0,4,2011,7,
2011-07-27,6.0,6.0,1,2011,7,
2011-07-28,6.5,6.0,2,2011,7,
2011-07-29,7.0,7.0,2,2011,7,
2011-07-30,6.0,6.0,1,2011,7,
2011-07-31,6.5,6.0,6,2011,7,
2011-08-01,7.0,7.0,1,2011,8,
2011-08-02,6.0,6.0,1,2011,8,
2011-08-04,6.0,6.0,4,2011,8,
2011-08-06,6.0,6.0,1,2011,8,
2011-08-07,7.0,7.0,3,2011,8,
2011-08-08,7.0,7.0,1,2011,8,
2011-08-09,6.333333333333333,6.0,3,2011,8,
2011-08-10,6.5,6.0,2,2011,8,
2011-08-11,6.0,6.0,4,2011,8,
2011-08-12,6.5,6.0,4,2011,8,
2011-08-15,6.75,6.0,4,2011,8,
2011-08-16,7.0,7.0,2,2011,8,
2011-08-18,6.5,6.0,2,2011,8,
2011-08-22,6.5,6.0,4,2011,8,
2011-08-23,6.0,6.0,4,2011,8,
2011-09-01,6.4075,6.21,4,2011,9,
2011-09-02,6.21,6.21,4,2011,9,
2011-09-04,6.21,6.21,1,2011,9,
2011-09-05,6.21,6.21,2,2011,9,
2011-09-06,6.18,6.0,7,2011,9,
2011-09-07,6.21,6.21,4,2011,9,
2011-09-08,6.168,6.0,5,2011,9,
2011-09-09,6.4,6.0,5,2011,9,
2011-09-10,6.0,6.0,3,2011,9,
2011-09-11,7.25,7.0,4,2011,9,
2011-09-12,6.333333333333333,6.0,3,2011,9,
2011-09-13,6.333333333333333,6.0,3,2011,9,
2011-09-14,8.0,6.0,4,2011,9,
2011-09-15,7.0,7.0,2,2011,9,
2011-09-16,6.75,6.0,4,2011,9,
2011-09-18,7.0,7.0,4,2011,9,
2011-09-19,6.5,6.0,4,2011,9,
2011-09-21,7.5,6.0,2,2011,9,
2011-09-22,7.142857142857143,6.0,7,2011,9,
2011-09-23,7.666666666666667,6.0,3,2011,9,
2011-09-24,6.25,6.0,4,2011,9,
2011-09-25,6.21,6.21,1,2011,9,
2011-09-26,6.0,6.0,2,2011,9,
2011-09-27,7.605,6.21,2,2011,9,
2011-09-28,6.21,6.21,2,2011,9,
2011-09-29,8.0,7.0,2,2011,9,
2011-09-30,9.0,9.0,1,2011,9,
2011-10-01,7.403333333333333,6.21,3,2011,10,
2011-10-02,6.4075,6.21,4,2011,10,
2011-10-03,6.105,6.0,2,2011,10,
2011-10-06,5.59,4.97,4,2011,10,
2011-10-07,6.21,6.21,1,2011,10,
2011-10-08,6.548571428571429,6.0,7,2011,10,
2011-10-09,6.0,6.0,1,2011,10,
2011-10-10,5.07,4.0,3,2011,10,
2011-10-11,6.163333333333333,6.0,9,2011,10,
2011-10-13,1.31,0.75,4,2011,10,
2011-10-14,0.99,0.99,1,2011,10,
2011-10-16,6.3066666666666675,6.0,6,2011,10,
2011-10-17,6.105,6.0,4,2011,10,
2011-10-18,6.1259999999999994,6.0,5,2011,10,
2011-10-19,6.0,6.0,1,2011,10,
2011-10-20,4.75,4.0,4,2011,10,
2011-10-21,3.0,1.0,4,2011,10,
2011-10-22,3.0,3.0,3,2011,10,
2011-10-23,4.25,2.5,2,2011,10,
2011-10-24,3.125,1.25,2,2011,10,
2011-10-25,3.5,2.5,5,2011,10,
2011-10-26,5.0,5.0,1,2011,10,
2011-10-27,6.0,6.0,3,2011,10,
2011-10-28,5.0,3.0,2,2011,10,
2011-10-29,6.833333333333333,6.0,6,2011,10,
2011-10-30,5.0,5.0,1,2011,10,
2011-10-31,6.0,6.0,2,2011,10,
2011-11-01,6.0,6.0,2,2011,11,2011.0
2011-11-03,6.5,6.0,2,2011,11,2011.0
2011-11-04,8.666666666666666,6.0,3,2011,11,2011.0
2011-11-05,6.0,6.0,2,2011,11,2011.0
2011-11-06,8.75,6.0,4,2011,11,2011.0
2011-11-07,9.333333333333334,6.0,3,2011,11,2011.0
2011-11-08,6.0,6.0,3,2011,11,2011.0
2011-11-09,5.0,5.0,3,2011,11,2011.0
2011-11-10,8.0,6.0,5,2011,11,2011.0
2011-11-11,6.0,6.0,1,2011,11,2011.0
2011-11-14,6.0,6.0,5,2011,11,2011.0
2011-11-15,6.0,6.0,3,2011,11,2011.0
2011-11-16,6.0,6.0,3,2011,11,2011.0
2011-11-17,4.5,4.0,2,2011,11,2011.0
2011-11-18,6.5,6.0,4,2011,11,2011.0
2011-11-20,6.5,6.0,4,2011,11,2011.0
2011-11-21,6.0,6.0,4,2011,11,2011.0
2011-11-22,5.428571428571429,4.0,7,2011,11,2011.0
2011-11-23,6.2,6.0,5,2011,11,2011.0
2011-11-24,6.0,6.0,2,2011,11,2011.0
2011-11-25,6.0,6.0,1,2011,11,2011.0
2011-11-27,6.0,6.0,2,2011,11,2011.0
2011-11-28,5.0,4.0,2,2011,11,2011.0
2011-11-29,3.0,3.0,1,2011,11,2011.0
2011-12-02,,,0,2011,12,2011.0
2011-12-03,6.0,6.0,1,2011,12,2011.0
2011-12-05,3.5,2.0,4,2011,12,2011.0
2011-12-06,4.4,4.0,5,2011,12,2011.0
2011-12-07,2.875,2.5,4,2011,12,2011.0
2011-12-08,5.333333333333333,5.0,3,2011,12,2011.0
2011-12-09,0.6666666666666666,0.5,6,2011,12,2011.0
2011-12-10,1.69,0.38,2,2011,12,2011.0
2011-12-11,0.38,0.38,4,2011,12,2011.0
2011-12-12,0.315,0.25,2,2011,12,2011.0
2011-12-15,6.0,6.0,4,2011,12,2011.0
2011-12-16,2.0,2.0,1,2011,12,2011.0
2011-12-17,2.25,2.0,4,2011,12,2011.0
2011-12-18,4.0,2.0,7,2011,12,2011.0
2011-12-19,5.5,5.0,2,2011,12,2011.0
2011-12-20,7.0,6.0,6,2011,12,2011.0
2011-12-21,8.6,6.0,5,2011,12,2011.0
2011-12-22,6.2,6.0,5,2011,12,2011.0
2011-12-23,6.142857142857143,6.0,7,2011,12,2011.0
2011-12-24,6.0,6.0,5,2011,12,2011.0
2011-12-26,0.38000000000000006,0.38,6,2011,12,2011.0
2011-12-27,2.0,2.0,1,2011,12,2011.0
2011-12-28,3.75,2.5,2,2011,12,2011.0
2011-12-30,9.0,9.0,2,2011,12,2011.0
2011-12-31,9.0,9.0,1,2011,12,2011.0
2012-03-12,6.21,6.21,1,2012,3,2011.0
2012-03-15,4.97,4.97,1,2012,3,2011.0
2018-03-26,2.17,2.17,1,2018,3,2017.0
2019-07-24,6.21,6.21,1,2019,7,
2019-07-26,6.21,6.21,1,2019,7,
2019-07-27,6.21,6.21,1,2019,7,
2019-08-03,6.21,6.21,2,2019,8,
2019-08-16,6.21,6.21,1,2019,8,
2019-09-12,6.21,6.21,2,2019,9,
2019-10-24,4.97,4.97,1,2019,10,
2019-10-31,6.21,6.21,1,2019,10,
2019-11-07,6.21,6.21,3,2019,11,2019.0
2019-12-11,6.21,6.21,1,2019,12,2019.0
2020-02-16,1.86,1.86,1,2020,2,2019.0
2020-02-17,0.62,0.62,1,2020,2,2019.0
2020-02-28,6.21,6.21,2,2020,2,2019.0
2020-03-07,6.21,6.21,1,2020,3,2019.0
2020-03-19,1.86,1.86,1,2020,3,2019.0
2020-03-25,6.21,6.21,1,2020,3,2019.0
2020-07-06,6.21,6.21,1,2020,7,
2020-09-21,4.04,3.11,2,2020,9,
2020-10-10,6.21,6.21,1,2020,10,
2020-10-11,6.21,6.21,11,2020,10,
2020-10-12,6.21,6.21,7,2020,10,
2020-10-13,6.21,6.21,4,2020,10,
2020-10-14,6.21,6.21,8,2020,10,
2020-10-15,6.21,6.21,6,2020,10,
2020-10-16,6.21,6.21,4,2020,10,
2020-10-17,5.59,4.97,2,2020,10,
2020-10-18,6.21,6.21,1,2020,10,
2020-10-20,6.21,6.21,6,2020,10,
2020-10-21,4.406363636363636,2.49,11,2020,10,
2020-10-22,2.55,1.86,10,2020,10,
2020-10-23,3.3166666666666664,3.11,3,2020,10,
2020-10-24,1.4466666666666665,1.24,3,2020,10,
2020-10-25,3.11,3.11,2,2020,10,
2020-10-26,1.986,1.55,10,2020,10,
2020-10-27,3.7728571428571427,2.17,7,2020,10,
2020-10-28,4.35,3.73,5,2020,10,
2020-10-29,6.21,6.21,1,2020,10,
2020-10-30,6.21,6.21,7,2020,10,
2020-11-04,1.156,0.5,10,2020,11,2020.0
2020-11-06,1.5525,1.24,4,2020,11,2020.0
2020-11-09,6.21,6.21,8,2020,11,2020.0
2020-11-10,5.279999999999999,4.35,2,2020,11,2020.0
2020-11-11,6.21,6.21,10,2020,11,2020.0
2020-11-12,6.21,6.21,1,2020,11,2020.0
2020-11-13,6.21,6.21,1,2020,11,2020.0
2020-11-14,2.95125,2.17,8,2020,11,2020.0
2020-11-15,1.7400000000000002,0.99,2,2020,11,2020.0
2020-11-16,3.42,3.11,2,2020,11,2020.0
2020-11-17,1.24,1.24,3,2020,11,2020.0
2020-11-19,5.962,4.97,5,2020,11,2020.0
2020-11-20,6.21,6.21,3,2020,11,2020.0
2020-11-21,4.97,4.97,1,2020,11,2020.0
2020-11-23,3.11,3.11,1,2020,11,2020.0
2020-11-24,4.35,4.35,6,2020,11,2020.0
2020-11-25,5.767142857142857,4.35,7,2020,11,2020.0
2020-11-26,6.21,6.21,6,2020,11,2020.0
2020-11-27,6.21,6.21,4,2020,11,2020.0
2020-11-28,5.59,4.97,2,2020,11,2020.0
2020-11-29,6.21,6.21,5,2020,11,2020.0
2020-11-30,6.21,6.21,3,2020,11,2020.0
2020-12-01,6.21,6.21,1,2020,12,2020.0
2020-12-02,6.21,6.21,1,2020,12,2020.0
2020-12-03,6.21,6.21,1,2020,12,2020.0
2020-12-04,5.465999999999999,4.97,10,2020,12,2020.0
2020-12-05,5.59,4.97,2,2020,12,2020.0
2020-12-06,5.9,4.97,4,2020,12,2020.0
2020-12-07,6.21,6.21,5,2020,12,2020.0
2020-12-08,6.21,6.21,1,2020,12,2020.0
2020-12-09,6.21,6.21,11,2020,12,2020.0
2020-12-10,6.21,6.21,1,2020,12,2020.0
2020-12-11,6.21,6.21,3,2020,12,2020.0
2020-12-14,5.934444444444444,4.97,9,2020,12,2020.0
2020-12-16,5.962,4.97,5,2020,12,2020.0
2020-12-19,1.15,0.75,2,2020,12,2020.0
2020-12-20,4.97,4.97,1,2020,12,2020.0
2020-12-21,5.837999999999999,4.35,5,2020,12,2020.0
2020-12-22,4.97,4.97,1,2020,12,2020.0
2020-12-24,6.21,6.21,2,2020,12,2020.0
2020-12-27,0.31,0.31,1,2020,12,2020.0
2020-12-29,6.21,6.21,2,2020,12,2020.0
2020-12-30,6.21,6.21,2,2020,12,2020.0
2020-12-31,6.21,6.21,2,2020,12,2020.0
2021-01-02,6.21,6.21,5,2021,1,2020.0
2021-01-04,6.21,6.21,3,2021,1,2020.0
2021-01-05,6.21,6.21,5,2021,1,2020.0
2021-01-06,6.21,6.21,1,2021,1,2020.0
2021-01-07,6.21,6.21,9,2021,1,2020.0
2021-01-08,4.970000000000001,3.11,5,2021,1,2020.0
2021-01-09,2.955,2.49,4,2021,1,2020.0
2021-01-10,2.49,2.49,4,2021,1,2020.0
2021-01-11,1.9633333333333336,1.86,3,2021,1,2020.0
2021-01-12,4.659999999999999,4.35,10,2021,1,2020.0
2021-01-13,6.21,6.21,4,2021,1,2020.0
2021-01-14,5.245555555555556,2.49,9,2021,1,2020.0
2021-01-15,3.31,1.86,3,2021,1,2020.0
2021-01-16,1.86,1.86,1,2021,1,2020.0
2021-01-18,4.66,3.11,4,2021,1,2020.0
2021-01-19,2.9499999999999997,0.93,2,2021,1,2020.0
2021-01-20,0.93,0.62,5,2021,1,2020.0
2021-01-21,0.155,0.12,2,2021,1,2020.0
2021-01-22,0.7025,0.5,4,2021,1,2020.0
2021-01-23,2.739090909090909,2.17,11,2021,1,2020.0
2021-01-24,6.21,6.21,2,2021,1,2020.0
2021-01-26,6.21,6.21,3,2021,1,2020.0
2021-01-27,6.21,6.21,5,2021,1,2020.0
2021-01-28,4.881428571428572,3.73,7,2021,1,2020.0
2021-01-29,1.68,0.5,4,2021,1,2020.0
2021-01-30,0.31,0.31,1,2021,1,2020.0
2021-02-01,6.21,6.21,5,2021,2,2020.0
2021-02-02,6.21,6.21,4,2021,2,2020.0
2021-02-03,6.21,6.21,1,2021,2,2020.0
2021-02-05,0.22,0.22,1,2021,2,2020.0
2021-02-06,0.435,0.37,2,2021,2,2020.0
2021-02-07,4.763333333333333,3.73,3,2021,2,2020.0
2021-02-08,4.35,3.73,3,2021,2,2020.0
2021-02-10,6.21,6.21,3,2021,2,2020.0
2021-02-11,3.73,3.11,9,2021,2,2020.0
2021-02-12,6.21,6.21,3,2021,2,2020.0
2021-02-13,6.21,6.21,9,2021,2,2020.0
2021-02-14,3.73,3.73,3,2021,2,2020.0
2021-02-15,3.11,3.11,1,2021,2,2020.0
2021-02-16,3.5749999999999997,3.11,8,2021,2,2020.0
2021-02-17,0.93,0.62,5,2021,2,2020.0
2021-02-18,0.12,0.12,1,2021,2,2020.0
2021-02-20,0.8075,0.62,4,2021,2,2020.0
2021-02-22,2.64,1.86,8,2021,2,2020.0
2021-02-23,6.21,6.21,7,2021,2,2020.0
2021-02-24,0.42,0.25,4,2021,2,2020.0
2021-02-25,0.22,0.22,2,2021,2,2020.0
2021-02-26,0.7066666666666667,0.62,6,2021,2,2020.0
2021-02-27,1.86,1.86,1,2021,2,2020.0
2021-02-28,3.73,3.73,2,2021,2,2020.0
2021-03-01,0.28,0.25,2,2021,3,2020.0
2021-03-02,0.6633333333333333,0.62,3,2021,3,2020.0
2021-03-03,1.9942857142857144,1.86,7,2021,3,2020.0
2021-03-04,0.81,0.75,3,2021,3,2020.0
2021-03-05,0.6033333333333334,0.5,3,2021,3,2020.0
2021-03-06,1.9466666666666665,1.86,3,2021,3,2020.0
2021-03-07,3.11,3.11,1,2021,3,2020.0
2021-03-08,3.5439999999999996,3.11,10,2021,3,2020.0
2021-03-09,6.21,6.21,5,2021,3,2020.0
2021-03-10,6.21,6.21,5,2021,3,2020.0
2021-03-11,3.11,3.11,1,2021,3,2020.0
2021-03-12,6.21,6.21,3,2021,3,2020.0
2021-03-13,2.3816666666666664,1.55,6,2021,3,2020.0
2021-03-14,0.56125,0.5,8,2021,3,2020.0
2021-03-15,0.75,0.75,6,2021,3,2020.0
2021-03-16,1.24,1.24,4,2021,3,2020.0
2021-03-17,1.7825000000000002,1.55,4,2021,3,2020.0
2021-03-18,0.7175,0.62,4,2021,3,2020.0
2021-03-20,3.575,3.11,4,2021,3,2020.0
2021-03-21,6.21,6.21,5,2021,3,2020.0
2021-03-22,5.279999999999999,4.35,4,2021,3,2020.0
2021-03-23,5.796666666666667,4.97,3,2021,3,2020.0
2021-03-24,1.228888888888889,1.12,9,2021,3,2020.0
2021-03-25,2.49,2.49,1,2021,3,2020.0
2021-03-26,2.8,2.49,2,2021,3,2020.0
2021-03-27,1.4666666666666668,0.99,3,2021,3,2020.0
2021-03-29,0.185,0.12,2,2021,3,2020.0
2021-03-30,0.31,0.25,5,2021,3,2020.0
2021-03-31,0.685,0.62,2,2021,3,2020.0
2021-04-01,4.97,3.73,3,2021,4,
2021-04-02,6.21,6.21,1,2021,4,
2021-04-03,4.97,4.97,1,2021,4,
2021-04-04,3.73,3.11,3,2021,4,
2021-04-06,6.21,6.21,3,2021,4,
2021-04-07,6.21,6.21,12,2021,4,
2021-04-08,6.21,6.21,2,2021,4,
2021-04-09,6.21,6.21,1,2021,4,
2021-04-10,6.21,6.21,2,2021,4,
2021-04-11,3.11,3.11,1,2021,4,
2021-04-12,4.246666666666667,2.49,6,2021,4,
2021-04-13,5.093999999999999,4.35,5,2021,4,
2021-04-14,5.9,4.97,4,2021,4,
2021-04-16,6.21,6.21,1,2021,4,
2021-04-18,6.21,6.21,6,2021,4,
2021-04-19,6.21,6.21,1,2021,4,
2021-04-20,6.21,6.21,5,2021,4,
2021-04-21,6.21,6.21,2,2021,4,
2021-04-22,6.21,6.21,2,2021,4,
2021-04-23,6.21,6.21,6,2021,4,
2021-04-24,6.21,6.21,3,2021,4,
2021-04-25,6.21,6.21,4,2021,4,
2021-04-26,6.21,6.21,4,2021,4,
2021-04-27,6.21,6.21,1,2021,4,
2021-04-28,6.21,6.21,7,2021,4,
2021-04-30,6.21,6.21,3,2021,4,
2021-05-01,6.21,6.21,2,2021,5,
2021-05-02,6.21,6.21,5,2021,5,
2021-05-03,6.21,6.21,2,2021,5,
2021-05-05,6.21,6.21,2,2021,5,
2021-05-06,6.21,6.21,6,2021,5,
2021-05-07,6.21,6.21,4,2021,5,
2021-05-08,6.21,6.21,2,2021,5,
2021-05-10,6.21,6.21,1,2021,5,
2021-05-11,6.21,6.21,1,2021,5,
2021-05-12,6.21,6.21,5,2021,5,
2021-05-14,6.21,6.21,2,2021,5,
2021-05-16,6.21,6.21,1,2021,5,
2021-05-17,6.21,6.21,5,2021,5,
2021-05-18,6.21,6.21,3,2021,5,
2021-05-19,6.21,6.21,3,2021,5,
2021-05-20,6.21,6.21,2,2021,5,
2021-05-21,6.21,6.21,3,2021,5,
2021-05-22,6.21,6.21,2,2021,5,
2021-05-24,6.21,6.21,3,2021,5,
2021-05-25,6.21,6.21,5,2021,5,
2021-05-26,6.21,6.21,5,2021,5,
2021-05-27,6.21,6.21,5,2021,5,
2021-05-28,6.21,6.21,3,2021,5,
2021-05-29,6.21,6.21,1,2021,5,
2021-06-01,6.21,6.21,2,2021,6,
2021-06-02,6.21,6.21,2,2021,6,
2021-06-07,6.21,6.21,3,2021,6,
2021-06-09,6.21,6.21,2,2021,6,
2021-06-10,6.21,6.21,1,2021,6,
2021-06-11,6.21,6.21,4,2021,6,
2021-06-13,6.21,6.21,2,2021,6,
2021-06-14,6.21,6.21,1,2021,6,
2021-06-15,6.21,6.21,4,2021,6,
2021-06-16,6.21,6.21,4,2021,6,
2021-06-17,6.21,6.21,2,2021,6,
2021-06-21,6.21,6.21,2,2021,6,
2021-06-22,6.21,6.21,3,2021,6,
2021-07-01,6.21,6.21,1,2021,7,
2021-07-02,6.21,6.21,2,2021,7,
2021-07-05,6.21,6.21,2,2021,7,
2021-07-06,6.21,6.21,2,2021,7,
2021-07-07,6.21,6.21,5,2021,7,
2021-07-15,6.21,6.21,3,2021,7,
2021-07-17,6.21,6.21,2,2021,7,
2021-07-18,6.21,6.21,1,2021,7,
2021-08-08,6.21,6.21,1,2021,8,
2021-08-10,6.21,6.21,2,2021,8,
2021-08-13,6.21,6.21,1,2021,8,
2021-08-18,6.21,6.21,1,2021,8,
2021-08-20,6.21,6.21,3,2021,8,
2021-08-21,6.21,6.21,4,2021,8,
2021-08-26,6.21,6.21,6,2021,8,
2021-09-02,6.21,6.21,4,2021,9,
2021-09-03,6.21,6.21,1,2021,9,
2021-09-04,6.21,6.21,2,2021,9,
2021-09-05,6.21,6.21,5,2021,9,
2021-09-06,6.21,6.21,3,2021,9,
2021-09-07,5.796666666666667,4.97,3,2021,9,
2021-09-08,6.003333333333333,4.97,6,2021,9,
2021-09-09,6.21,6.21,4,2021,9,
2021-09-10,5.1225,1.86,4,2021,9,
2021-09-11,6.21,6.21,5,2021,9,
2021-09-12,6.21,6.21,5,2021,9,
2021-09-13,6.21,6.21,2,2021,9,
2021-09-14,6.21,6.21,4,2021,9,
2021-09-15,5.796666666666667,4.97,3,2021,9,
2021-09-16,5.9,4.97,4,2021,9,
2021-09-17,6.21,6.21,3,2021,9,
2021-09-18,3.5928571428571425,1.55,7,2021,9,
2021-09-19,4.66,3.11,2,2021,9,
2021-09-20,5.279999999999999,4.35,4,2021,9,
2021-09-21,6.21,6.21,3,2021,9,
2021-09-22,4.97,2.49,3,2021,9,
2021-09-23,6.21,6.21,8,2021,9,
2021-09-24,6.21,6.21,2,2021,9,
2021-09-25,6.21,6.21,5,2021,9,
2021-09-26,4.8149999999999995,3.73,8,2021,9,
2021-09-27,6.21,6.21,3,2021,9,
2021-09-28,5.324285714285714,3.73,7,2021,9,
2021-09-29,6.21,6.21,5,2021,9,
2021-09-30,4.656666666666667,1.55,3,2021,9,
2021-10-01,3.8333333333333335,3.73,6,2021,10,
2021-10-02,6.072222222222222,4.97,9,2021,10,
2021-10-03,4.97,3.73,3,2021,10,
2021-10-04,6.21,6.21,2,2021,10,
2021-10-05,6.21,6.21,5,2021,10,
2021-10-06,2.544,1.24,5,2021,10,
2021-10-07,6.21,6.21,4,2021,10,
2021-10-08,3.936666666666667,3.73,6,2021,10,
2021-10-09,4.1175,2.49,8,2021,10,
2021-10-10,4.791428571428571,1.86,7,2021,10,
2021-10-11,6.21,6.21,4,2021,10,
2021-10-12,6.21,6.21,7,2021,10,
2021-10-13,5.855714285714286,3.73,7,2021,10,
2021-10-14,5.837999999999999,4.35,5,2021,10,
2021-10-15,5.944285714285714,4.35,7,2021,10,
2021-10-16,6.21,6.21,6,2021,10,
2021-10-17,6.21,6.21,6,2021,10,
2021-10-18,6.21,6.21,3,2021,10,
2021-10-19,6.21,6.21,3,2021,10,
2021-10-20,5.714,4.97,5,2021,10,
2021-10-21,4.04,2.49,4,2021,10,
2021-10-22,4.04,3.73,2,2021,10,
2021-10-23,5.465999999999999,4.97,5,2021,10,
2021-10-24,3.313333333333333,1.24,6,2021,10,
2021-10-25,2.35,1.55,7,2021,10,
2021-10-26,4.97,4.97,1,2021,10,
2021-10-27,4.35,3.11,7,2021,10,
2021-10-28,4.615714285714286,3.73,7,2021,10,
2021-10-29,5.962,4.97,5,2021,10,
2021-10-30,6.003333333333333,4.97,6,2021,10,
2021-10-31,4.598,3.73,5,2021,10,
2021-11-01,2.33,1.24,4,2021,11,2021.0
2021-11-02,4.348571428571428,1.24,7,2021,11,2021.0
2021-11-03,5.465999999999999,3.73,5,2021,11,2021.0
2021-11-04,4.97,4.97,4,2021,11,2021.0
2021-11-05,4.598,3.11,5,2021,11,2021.0
2021-11-06,6.21,6.21,3,2021,11,2021.0
2021-11-07,6.21,6.21,4,2021,11,2021.0
2021-11-08,5.9,4.97,4,2021,11,2021.0
2021-11-09,4.35,3.73,4,2021,11,2021.0
2021-11-10,4.35,3.11,5,2021,11,2021.0
2021-11-11,6.21,6.21,5,2021,11,2021.0
2021-11-12,5.796666666666667,3.73,6,2021,11,2021.0
2021-11-13,4.97,3.73,2,2021,11,2021.0
2021-11-14,5.962,4.97,5,2021,11,2021.0
2021-11-15,6.21,6.21,2,2021,11,2021.0
2021-11-16,4.35,3.11,3,2021,11,2021.0
2021-11-17,4.846,3.73,5,2021,11,2021.0
2021-11-18,5.767142857142857,4.35,7,2021,11,2021.0
2021-11-19,6.21,6.21,2,2021,11,2021.0
2021-11-20,2.1100000000000003,1.86,5,2021,11,2021.0
2021-11-21,3.5233333333333334,2.49,3,2021,11,2021.0
2021-11-22,4.97,3.73,3,2021,11,2021.0
2021-11-23,4.66,2.49,4,2021,11,2021.0
2021-11-24,4.473999999999999,3.11,5,2021,11,2021.0
2021-11-27,3.11,3.11,1,2021,11,2021.0
2021-11-28,4.35,3.73,4,2021,11,2021.0
2021-11-29,5.934444444444444,3.73,9,2021,11,2021.0
2021-11-30,6.21,6.21,5,2021,11,2021.0
2021-12-02,0.985,0.37,6,2021,12,2021.0
2021-12-04,2.2925,1.86,8,2021,12,2021.0
2021-12-05,2.49,2.49,3,2021,12,2021.0
2021-12-06,2.6100000000000003,0.93,5,2021,12,2021.0
2021-12-07,3.1100000000000003,2.49,2,2021,12,2021.0
2021-12-08,0.62,0.62,1,2021,12,2021.0
2021-12-09,1.23,0.5,4,2021,12,2021.0
2021-12-10,0.7150000000000001,0.25,4,2021,12,2021.0
2021-12-14,6.21,6.21,5,2021,12,2021.0
2021-12-15,6.21,6.21,1,2021,12,2021.0
2021-12-17,0.75,0.75,2,2021,12,2021.0
2021-12-18,2.17,2.17,1,2021,12,2021.0
2021-12-19,3.73,3.73,1,2021,12,2021.0
2021-12-20,2.49,2.49,1,2021,12,2021.0
2021-12-22,1.24,1.24,3,2021,12,2021.0
2021-12-24,6.21,6.21,6,2021,12,2021.0
2021-12-27,6.21,6.21,2,2021,12,2021.0
2021-12-28,6.21,6.21,1,2021,12,2021.0
2021-12-29,6.21,6.21,6,2021,12,2021.0
2022-01-04,0.9299999999999999,0.62,2,2022,1,2021.0
2022-01-08,6.21,6.21,2,2022,1,2021.0
2022-01-10,2.49,2.49,1,2022,1,2021.0
2022-01-12,4.97,4.97,1,2022,1,2021.0
2022-01-13,6.21,6.21,1,2022,1,2021.0
2022-01-14,6.21,6.21,5,2022,1,2021.0
2022-01-15,6.21,6.21,1,2022,1,2021.0
2022-01-16,4.97,4.97,1,2022,1,2021.0
2022-01-17,6.21,6.21,4,2022,1,2021.0
2022-01-20,0.8225,0.5,4,2022,1,2021.0
2022-01-21,0.62,0.62,1,2022,1,2021.0
2022-01-26,4.97,4.97,1,2022,1,2021.0
2022-01-27,0.25,0.25,4,2022,1,2021.0
2022-01-28,0.265,0.25,4,2022,1,2021.0
2022-01-30,6.21,6.21,1,2022,1,2021.0
2022-02-01,0.37,0.37,1,2022,2,2021.0
2022-02-02,1.7542857142857144,1.24,7,2022,2,2021.0
2022-02-03,2.0700000000000003,1.86,3,2022,2,2021.0
2022-02-05,0.37,0.37,1,2022,2,2021.0
2022-02-07,0.3655555555555556,0.31,9,2022,2,2021.0
2022-02-08,2.0949999999999998,1.55,4,2022,2,2021.0
2022-02-09,2.8,2.49,2,2022,2,2021.0
2022-02-10,4.97,4.35,4,2022,2,2021.0
2022-02-11,0.89,0.62,3,2022,2,2021.0
2022-02-12,1.4466666666666665,1.24,9,2022,2,2021.0
2022-02-14,3.2649999999999997,3.11,4,2022,2,2021.0
2022-02-15,3.854,3.11,5,2022,2,2021.0
2022-02-16,6.21,6.21,5,2022,2,2021.0
2022-02-17,6.21,6.21,9,2022,2,2021.0
2022-02-18,4.527142857142857,3.11,7,2022,2,2021.0
2022-02-21,1.0699999999999998,0.5,5,2022,2,2021.0
2022-02-23,6.21,6.21,6,2022,2,2021.0
2022-02-25,3.11,3.11,3,2022,2,2021.0
2022-02-26,0.5171428571428571,0.5,7,2022,2,2021.0
2022-02-27,3.6266666666666665,3.11,6,2022,2,2021.0
2022-02-28,4.97,3.73,4,2022,2,2021.0
2022-03-01,2.7485714285714287,1.86,7,2022,3,2021.0
2022-03-02,6.21,6.21,3,2022,3,2021.0
2022-03-03,5.59,4.97,2,2022,3,2021.0
2022-03-04,6.21,6.21,8,2022,3,2021.0
2022-03-05,1.82,0.75,4,2022,3,2021.0
2022-03-07,1.1800000000000002,1.12,2,2022,3,2021.0
2022-03-08,5.279999999999999,4.35,4,2022,3,2021.0
2022-03-09,2.2912500000000002,1.86,8,2022,3,2021.0
2022-03-10,1.488,1.24,5,2022,3,2021.0
2022-03-11,0.5900000000000001,0.25,2,2022,3,2021.0
2022-03-12,0.31,0.31,2,2022,3,2021.0
2022-03-13,0.995,0.75,2,2022,3,2021.0
2022-03-14,3.8075,3.73,8,2022,3,2021.0
2022-03-15,0.12,0.12,1,2022,3,2021.0
2022-03-16,0.13166666666666668,0.12,6,2022,3,2021.0
2022-03-18,1.24,1.24,2,2022,3,2021.0
2022-03-20,6.21,6.21,2,2022,3,2021.0
2022-03-21,5.59,4.97,4,2022,3,2021.0
2022-03-22,4.35,3.73,2,2022,3,2021.0
2022-03-23,0.6375,0.5,4,2022,3,2021.0
2022-03-24,0.67,0.37,8,2022,3,2021.0
2022-03-25,0.42,0.31,4,2022,3,2021.0
2022-03-27,0.31,0.31,1,2022,3,2021.0
2022-03-28,0.25,0.25,2,2022,3,2021.0
2022-03-29,0.5685714285714286,0.43,7,2022,3,2021.0
2022-03-30,1.55,1.55,1,2022,3,2021.0
2022-03-31,4.66,3.73,4,2022,3,2021.0
2022-04-01,4.97,4.97,4,2022,4,
2022-04-03,6.21,6.21,6,2022,4,
2022-04-04,6.21,6.21,1,2022,4,
2022-04-05,6.21,6.21,2,2022,4,
2022-04-07,6.21,6.21,2,2022,4,
2022-04-11,6.21,6.21,1,2022,4,
2022-04-16,6.21,6.21,1,2022,4,
2022-04-20,6.21,6.21,1,2022,4,
2022-04-22,6.21,6.21,1,2022,4,
2022-04-25,6.21,6.21,1,2022,4,
2022-05-03,6.21,6.21,2,2022,5,
2022-05-08,6.21,6.21,3,2022,5,
2022-05-10,6.21,6.21,1,2022,5,
2022-05-13,6.21,6.21,1,2022,5,
2022-05-15,6.21,6.21,2,2022,5,
2022-05-16,1.86,1.86,1,2022,5,
2022-05-17,4.97,4.97,1,2022,5,
2022-05-20,6.21,6.21,1,2022,5,
2022-05-26,6.21,6.21,1,2022,5,
2022-05-27,6.21,6.21,2,2022,5,
2022-06-01,6.21,6.21,1,2022,6,
2022-06-03,4.97,4.97,1,2022,6,
2022-06-06,6.21,6.21,1,2022,6,
2022-06-14,6.21,6.21,1,2022,6,
2022-06-30,6.21,6.21,1,2022,6,
2022-07-08,6.21,6.21,1,2022,7,
2022-07-11,6.21,6.21,1,2022,7,
2022-07-15,4.35,4.35,1,2022,7,
2022-08-06,6.21,6.21,1,2022,8,
2022-08-10,6.21,6.21,2,2022,8,
2022-08-17,6.21,6.21,1,2022,8,
2022-08-18,6.21,6.21,1,2022,8,
2022-08-23,0.31,0.31,1,2022,8,
2022-08-26,6.21,6.21,1,2022,8,
2022-09-01,6.21,6.21,1,2022,9,
2022-09-20,6.21,6.21,1,2022,9,
2022-09-25,6.21,6.21,1,2022,9,
2022-09-26,6.21,6.21,1,2022,9,
2022-10-01,6.21,6.21,4,2022,10,
2022-10-02,6.21,6.21,8,2022,10,
2022-10-03,6.21,6.21,7,2022,10,
2022-10-05,6.21,6.21,3,2022,10,
2022-10-06,6.21,6.21,5,2022,10,
2022-10-07,6.21,6.21,2,2022,10,
2022-10-08,6.21,6.21,7,2022,10,
2022-10-09,6.21,6.21,2,2022,10,
2022-10-10,3.7275,1.86,4,2022,10,
2022-10-11,1.6275000000000002,0.93,4,2022,10,
2022-10-12,1.8628571428571428,0.62,7,2022,10,
2022-10-13,5.8999999999999995,4.35,6,2022,10,
2022-10-14,6.21,6.21,4,2022,10,
2022-10-15,1.006,0.93,5,2022,10,
2022-10-16,4.97,4.97,2,2022,10,
2022-10-17,3.8333333333333335,2.49,6,2022,10,
2022-10-18,2.206,0.75,10,2022,10,
2022-10-19,4.8133333333333335,0.93,6,2022,10,
2022-10-20,5.962,4.97,10,2022,10,
2022-10-21,6.21,6.21,9,2022,10,
2022-10-22,6.21,6.21,6,2022,10,
2022-10-23,6.21,6.21,6,2022,10,
2022-10-24,2.22,1.86,7,2022,10,
2022-10-25,0.7491666666666666,0.62,12,2022,10,
2022-10-26,2.2730769230769234,0.93,13,2022,10,
2022-10-27,1.656666666666667,1.24,3,2022,10,
2022-10-28,4.534999999999999,1.24,10,2022,10,
2022-10-29,6.21,6.21,8,2022,10,
2022-10-30,6.21,6.21,10,2022,10,
2022-10-31,6.21,6.21,9,2022,10,
2022-11-01,6.21,6.21,7,2022,11,2022.0
2022-11-02,2.57,0.75,3,2022,11,2022.0
2022-11-03,1.3157142857142856,0.62,7,2022,11,2022.0
2022-11-04,1.395,0.62,2,2022,11,2022.0
2022-11-05,2.7380000000000004,2.49,5,2022,11,2022.0
2022-11-06,5.383333333333333,4.97,3,2022,11,2022.0
2022-11-07,6.21,6.21,5,2022,11,2022.0
2022-11-08,6.21,6.21,9,2022,11,2022.0
2022-11-09,6.21,6.21,10,2022,11,2022.0
2022-11-10,6.21,6.21,11,2022,11,2022.0
2022-11-11,5.032,4.35,10,2022,11,2022.0
2022-11-12,5.125,4.35,4,2022,11,2022.0
2022-11-14,6.21,6.21,1,2022,11,2022.0
2022-11-15,6.21,6.21,1,2022,11,2022.0
2022-11-16,0.8266666666666667,0.62,6,2022,11,2022.0
2022-11-17,3.978,3.11,5,2022,11,2022.0
2022-11-18,5.9,4.97,4,2022,11,2022.0
2022-11-19,6.21,6.21,8,2022,11,2022.0
2022-11-20,6.21,6.21,8,2022,11,2022.0
2022-11-21,6.21,6.21,11,2022,11,2022.0
2022-11-22,6.21,6.21,12,2022,11,2022.0
2022-11-23,3.6950000000000003,1.24,10,2022,11,2022.0
2022-11-24,6.21,6.21,3,2022,11,2022.0
2022-11-25,5.279999999999999,3.73,8,2022,11,2022.0
2022-11-26,2.3042857142857143,1.24,7,2022,11,2022.0
2022-11-27,2.601818181818182,1.86,11,2022,11,2022.0
2022-11-28,5.20125,1.86,8,2022,11,2022.0
2022-11-29,5.745,4.97,8,2022,11,2022.0
2022-11-30,6.21,6.21,11,2022,11,2022.0
2022-12-01,6.21,6.21,6,2022,12,2022.0
2022-12-02,6.21,6.21,5,2022,12,2022.0
2022-12-05,1.6533333333333333,1.55,3,2022,12,2022.0
2022-12-06,1.092,0.5,5,2022,12,2022.0
2022-12-07,1.1800000000000002,1.12,4,2022,12,2022.0
2022-12-08,2.8,2.49,2,2022,12,2022.0
2022-12-09,1.9116666666666668,1.86,6,2022,12,2022.0
2022-12-10,0.48,0.31,10,2022,12,2022.0
2022-12-11,1.8171428571428572,1.24,7,2022,12,2022.0
2022-12-12,6.21,6.21,1,2022,12,2022.0
2022-12-13,6.21,6.21,7,2022,12,2022.0
2022-12-14,6.21,6.21,6,2022,12,2022.0
2022-12-15,6.21,6.21,7,2022,12,2022.0
2022-12-16,6.21,6.21,2,2022,12,2022.0
2022-12-17,3.11,3.11,1,2022,12,2022.0
2022-12-18,3.7299999999999995,3.11,5,2022,12,2022.0
2022-12-19,6.21,6.21,4,2022,12,2022.0
2022-12-20,3.25,0.43,3,2022,12,2022.0
2022-12-21,6.21,6.21,6,2022,12,2022.0
2022-12-22,6.21,6.21,12,2022,12,2022.0
2022-12-23,6.055,4.97,8,2022,12,2022.0
2022-12-24,1.4014285714285715,0.5,7,2022,12,2022.0
2022-12-25,1.8636363636363635,0.62,11,2022,12,2022.0
2022-12-26,2.1841666666666666,0.62,12,2022,12,2022.0
2022-12-27,1.24,1.24,3,2022,12,2022.0
2022-12-28,0.56,0.5,2,2022,12,2022.0
2022-12-29,1.421,0.93,10,2022,12,2022.0
2022-12-30,1.4725000000000001,0.93,8,2022,12,2022.0
2022-12-31,1.62,1.24,9,2022,12,2022.0
2023-01-01,1.448888888888889,0.62,9,2023,1,2022.0
2023-01-02,0.7033333333333334,0.37,9,2023,1,2022.0
2023-01-03,0.8757142857142857,0.37,7,2023,1,2022.0
2023-01-04,0.43333333333333335,0.31,3,2023,1,2022.0
2023-01-05,0.93875,0.5,8,2023,1,2022.0
2023-01-06,1.035,0.5,6,2023,1,2022.0
2023-01-07,1.8590909090909093,1.12,11,2023,1,2022.0
2023-01-08,6.21,6.21,16,2023,1,2022.0
2023-01-09,5.923846153846155,4.97,13,2023,1,2022.0
2023-01-10,2.56125,0.31,8,2023,1,2022.0
2023-01-11,0.9818181818181819,0.62,11,2023,1,2022.0
2023-01-12,5.218,4.97,10,2023,1,2022.0
2023-01-13,2.481666666666667,1.55,6,2023,1,2022.0
2023-01-14,3.3855555555555554,2.49,9,2023,1,2022.0
2023-01-15,6.21,6.21,10,2023,1,2022.0
2023-01-16,6.21,6.21,9,2023,1,2022.0
2023-01-17,3.6814285714285715,1.24,7,2023,1,2022.0
2023-01-18,3.73,3.11,3,2023,1,2022.0
2023-01-19,6.21,6.21,4,2023,1,2022.0
2023-01-20,6.21,6.21,3,2023,1,2022.0
2023-01-22,6.21,6.21,3,2023,1,2022.0
2023-01-23,6.21,6.21,8,2023,1,2022.0
2023-01-24,6.21,6.21,11,2023,1,2022.0
2023-01-25,6.21,6.21,6,2023,1,2022.0
2023-01-26,6.21,6.21,10,2023,1,2022.0
2023-01-27,6.21,6.21,8,2023,1,2022.0
2023-01-28,5.383333333333333,3.73,3,2023,1,2022.0
2023-01-29,6.21,6.21,8,2023,1,2022.0
2023-01-30,6.21,6.21,6,2023,1,2022.0
2023-01-31,6.21,6.21,8,2023,1,2022.0
2023-02-01,5.383333333333333,4.97,6,2023,2,2022.0
2023-02-02,2.584,0.5,5,2023,2,2022.0
2023-02-03,0.4428571428571429,0.25,7,2023,2,2022.0
2023-02-04,6.21,6.21,5,2023,2,2022.0
2023-02-06,4.106111111111111,1.86,18,2023,2,2022.0
2023-02-07,2.402727272727273,0.62,11,2023,2,2022.0
2023-02-08,1.135,0.5,10,2023,2,2022.0
2023-02-09,2.207,1.24,10,2023,2,2022.0
2023-02-10,5.279999999999999,4.35,2,2023,2,2022.0
2023-02-11,2.8516666666666666,2.49,6,2023,2,2022.0
2023-02-12,1.55,1.24,12,2023,2,2022.0
2023-02-13,3.11,2.49,8,2023,2,2022.0
2023-02-14,2.548,1.55,5,2023,2,2022.0
2023-02-15,0.695,0.5,6,2023,2,2022.0
2023-02-16,0.24,0.06,4,2023,2,2022.0
2023-02-17,0.4,0.25,5,2023,2,2022.0
2023-02-18,0.22375,0.06,8,2023,2,2022.0
2023-02-19,0.62,0.62,5,2023,2,2022.0
2023-02-20,0.4475,0.43,4,2023,2,2022.0
2023-02-21,0.7233333333333333,0.62,3,2023,2,2022.0
2023-02-22,0.9300000000000002,0.93,9,2023,2,2022.0
2023-02-23,4.3075,0.93,8,2023,2,2022.0
2023-02-24,6.21,6.21,3,2023,2,2022.0
2023-02-25,6.21,6.21,2,2023,2,2022.0
2023-02-26,6.21,6.21,1,2023,2,2022.0
2023-02-27,6.21,6.21,2,2023,2,2022.0
2023-02-28,6.21,6.21,1,2023,2,2022.0
2023-03-01,5.796666666666667,4.97,3,2023,3,2022.0
2023-03-02,6.21,6.21,5,2023,3,2022.0
2023-03-03,6.21,6.21,7,2023,3,2022.0
2023-03-04,6.21,6.21,3,2023,3,2022.0
2023-03-05,6.21,6.21,11,2023,3,2022.0
2023-03-06,6.019230769230769,4.97,13,2023,3,2022.0
2023-03-07,5.962,4.97,10,2023,3,2022.0
2023-03-08,6.072222222222222,4.97,9,2023,3,2022.0
2023-03-09,6.21,6.21,9,2023,3,2022.0
2023-03-10,5.026363636363636,3.73,11,2023,3,2022.0
2023-03-11,4.037999999999999,1.86,10,2023,3,2022.0
2023-03-12,6.21,6.21,5,2023,3,2022.0
2023-03-13,6.21,6.21,2,2023,3,2022.0
2023-03-14,6.21,6.21,3,2023,3,2022.0
2023-03-15,6.21,6.21,5,2023,3,2022.0
2023-03-16,5.465999999999999,4.97,5,2023,3,2022.0
2023-03-17,6.21,6.21,2,2023,3,2022.0
2023-03-18,6.21,6.21,2,2023,3,2022.0
2023-03-19,6.21,6.21,7,2023,3,2022.0
2023-03-20,6.21,6.21,2,2023,3,2022.0
2023-03-22,6.21,6.21,3,2023,3,2022.0
2023-03-23,6.21,6.21,8,2023,3,2022.0
2023-03-24,6.21,6.21,1,2023,3,2022.0
2023-03-25,6.21,6.21,1,2023,3,2022.0
2023-03-27,0.62,0.62,1,2023,3,2022.0
2023-03-28,1.085,0.93,8,2023,3,2022.0
2023-03-29,6.21,6.21,1,2023,3,2022.0
2023-03-30,6.21,6.21,6,2023,3,2022.0
2023-03-31,1.5811111111111111,0.31,9,2023,3,2022.0
2023-04-01,0.93,0.93,2,2023,4,
2023-04-02,2.3600000000000003,1.86,10,2023,4,
2023-04-03,5.245555555555556,2.49,9,2023,4,
2023-04-04,6.21,6.21,1,2023,4,
2023-04-05,6.21,6.21,3,2023,4,
2023-04-06,6.21,6.21,2,2023,4,
2023-04-07,4.97,4.97,3,2023,4,
2023-04-08,6.21,6.21,3,2023,4,
2023-04-09,5.658888888888889,4.97,9,2023,4,
2023-04-10,5.745,4.97,8,2023,4,
2023-04-11,5.465999999999999,4.97,5,2023,4,
2023-04-12,2.1427272727272726,1.86,11,2023,4,
2023-04-13,0.6642857142857144,0.62,7,2023,4,
2023-04-14,1.63125,0.37,8,2023,4,
2023-04-15,3.8075,3.11,8,2023,4,
2023-04-16,6.21,6.21,4,2023,4,
2023-04-19,6.21,6.21,1,2023,4,
2023-04-20,6.21,6.21,2,2023,4,
2023-04-22,6.21,6.21,2,2023,4,
2023-04-23,6.21,6.21,2,2023,4,
2023-04-24,6.21,6.21,2,2023,4,
2023-04-25,6.21,6.21,3,2023,4,
2023-04-26,6.21,6.21,9,2023,4,
2023-04-27,6.21,6.21,11,2023,4,
2023-04-28,6.21,6.21,8,2023,4,
2023-04-29,6.21,6.21,14,2023,4,
2023-04-30,6.21,6.21,8,2023,4,
2023-05-01,6.21,6.21,10,2023,5,
2023-05-02,6.21,6.21,13,2023,5,
2023-05-03,6.21,6.21,7,2023,5,
2023-05-04,6.21,6.21,6,2023,5,
2023-05-05,6.21,6.21,9,2023,5,
2023-05-06,6.21,6.21,8,2023,5,
2023-05-07,6.21,6.21,9,2023,5,
2023-05-08,6.21,6.21,5,2023,5,
2023-05-09,6.21,6.21,5,2023,5,
2023-05-10,6.21,6.21,9,2023,5,
2023-05-11,6.21,6.21,6,2023,5,
2023-05-12,6.21,6.21,10,2023,5,
2023-05-13,6.21,6.21,11,2023,5,
2023-05-14,6.21,6.21,13,2023,5,
2023-05-15,6.21,6.21,8,2023,5,
2023-05-16,6.032857142857142,4.97,7,2023,5,
2023-05-17,6.21,6.21,4,2023,5,
2023-05-18,6.21,6.21,7,2023,5,
2023-05-19,6.21,6.21,3,2023,5,
2023-05-20,6.21,6.21,9,2023,5,
2023-05-21,6.21,6.21,6,2023,5,
2023-05-22,6.21,6.21,6,2023,5,
2023-05-23,6.21,6.21,4,2023,5,
2023-05-24,6.21,6.21,9,2023,5,
2023-05-25,6.21,6.21,9,2023,5,
2023-05-26,6.21,6.21,11,2023,5,
2023-05-27,6.21,6.21,13,2023,5,
2023-05-28,6.21,6.21,12,2023,5,
2023-05-29,6.21,6.21,13,2023,5,
2023-05-30,6.21,6.21,10,2023,5,
2023-05-31,6.21,6.21,6,2023,5,
2023-06-01,6.21,6.21,12,2023,6,
2023-06-02,6.21,6.21,14,2023,6,
2023-06-03,6.21,6.21,16,2023,6,
2023-06-04,6.21,6.21,7,2023,6,
2023-06-05,6.21,6.21,12,2023,6,
2023-06-06,6.21,6.21,10,2023,6,
2023-06-07,6.21,6.21,4,2023,6,
2023-06-08,6.21,6.21,11,2023,6,
2023-06-09,6.21,6.21,9,2023,6,
2023-06-10,6.21,6.21,12,2023,6,
2023-06-11,6.21,6.21,9,2023,6,
2023-06-12,6.21,6.21,2,2023,6,
2023-06-13,5.8999999999999995,3.73,12,2023,6,
2023-06-14,6.21,6.21,4,2023,6,
2023-06-15,6.21,6.21,9,2023,6,
2023-06-16,6.21,6.21,8,2023,6,
2023-06-17,6.21,6.21,7,2023,6,
2023-06-18,6.21,6.21,7,2023,6,
2023-06-19,6.21,6.21,5,2023,6,
2023-06-20,6.21,6.21,13,2023,6,
2023-06-21,6.21,6.21,4,2023,6,
2023-06-22,6.21,6.21,7,2023,6,
2023-06-23,6.21,6.21,10,2023,6,
2023-06-24,6.21,6.21,8,2023,6,
2023-06-25,6.21,6.21,10,2023,6,
2023-06-26,6.21,6.21,11,2023,6,
2023-06-27,6.21,6.21,12,2023,6,
2023-06-28,6.21,6.21,9,2023,6,
2023-06-29,6.21,6.21,12,2023,6,
2023-06-30,6.21,6.21,5,2023,6,
2023-07-01,6.21,6.21,10,2023,7,
2023-07-02,6.21,6.21,5,2023,7,
2023-07-03,6.21,6.21,12,2023,7,
2023-07-04,6.21,6.21,3,2023,7,
2023-07-05,6.21,6.21,15,2023,7,
2023-07-06,6.21,6.21,9,2023,7,
2023-07-07,6.21,6.21,15,2023,7,
2023-07-08,6.21,6.21,13,2023,7,
2023-07-09,6.21,6.21,11,2023,7,
2023-07-10,6.21,6.21,15,2023,7,
2023-07-11,6.21,6.21,14,2023,7,
2023-07-12,6.21,6.21,7,2023,7,
2023-07-13,6.21,6.21,9,2023,7,
2023-07-14,6.21,6.21,8,2023,7,
2023-07-15,6.21,6.21,8,2023,7,
2023-07-16,6.21,6.21,6,2023,7,
2023-07-17,6.21,6.21,7,2023,7,
2023-07-18,6.21,6.21,7,2023,7,
2023-07-19,6.21,6.21,11,2023,7,
2023-07-20,6.21,6.21,2,2023,7,
2023-07-21,4.9875,1.32,4,2023,7,
2023-07-22,6.21,6.21,9,2023,7,
2023-07-23,5.796666666666667,4.97,3,2023,7,
2023-07-24,6.21,6.21,7,2023,7,
2023-07-25,6.21,6.21,4,2023,7,
2023-07-26,6.21,6.21,10,2023,7,
2023-07-27,5.452222222222222,3.11,9,2023,7,
2023-07-28,6.21,6.21,9,2023,7,
2023-07-29,6.21,6.21,2,2023,7,
2023-07-31,6.21,6.21,9,2023,7,
2023-08-01,6.21,6.21,9,2023,8,
2023-08-02,6.21,6.21,10,2023,8,
2023-08-03,6.21,6.21,8,2023,8,
2023-08-04,6.21,6.21,3,2023,8,
2023-08-05,6.21,6.21,8,2023,8,
2023-08-06,6.21,6.21,2,2023,8,
2023-08-07,6.21,6.21,1,2023,8,
2023-08-08,6.21,6.21,4,2023,8,
2023-08-09,6.21,6.21,7,2023,8,
2023-08-10,6.21,6.21,6,2023,8,
2023-08-11,6.21,6.21,7,2023,8,
2023-08-12,6.21,6.21,11,2023,8,
2023-08-13,6.21,6.21,10,2023,8,
2023-08-14,6.21,6.21,7,2023,8,
2023-08-15,6.21,6.21,8,2023,8,
2023-08-16,6.21,6.21,3,2023,8,
2023-08-17,6.21,6.21,8,2023,8,
2023-08-18,6.21,6.21,7,2023,8,
2023-08-19,6.21,6.21,8,2023,8,
2023-08-20,6.21,6.21,12,2023,8,
2023-08-21,6.21,6.21,7,2023,8,
2023-08-22,6.21,6.21,7,2023,8,
2023-08-23,6.21,6.21,4,2023,8,
2023-08-24,6.21,6.21,5,2023,8,
2023-08-25,6.21,6.21,2,2023,8,
2023-08-26,6.21,6.21,7,2023,8,
2023-08-27,6.21,6.21,9,2023,8,
2023-08-28,6.21,6.21,6,2023,8,
2023-08-29,6.21,6.21,5,2023,8,
2023-08-30,6.21,6.21,3,2023,8,
2023-09-01,6.21,6.21,7,2023,9,
2023-09-02,6.21,6.21,7,2023,9,
2023-09-03,6.21,6.21,9,2023,9,
2023-09-04,6.21,6.21,5,2023,9,
2023-09-05,6.21,6.21,2,2023,9,
2023-09-06,6.21,6.21,2,2023,9,
2023-09-07,6.21,6.21,2,2023,9,
2023-09-08,6.21,6.21,5,2023,9,
2023-09-09,6.21,6.21,3,2023,9,
2023-09-10,6.21,6.21,4,2023,9,
2023-09-11,6.21,6.21,5,2023,9,
2023-09-12,6.21,6.21,5,2023,9,
2023-09-13,6.21,6.21,8,2023,9,
2023-09-14,6.21,6.21,7,2023,9,
2023-09-15,6.21,6.21,1,2023,9,
2023-09-17,6.21,6.21,8,2023,9,
2023-09-18,6.21,6.21,8,2023,9,
2023-09-19,6.21,6.21,1,2023,9,
2023-09-21,6.21,6.21,1,2023,9,
2023-09-22,6.21,6.21,4,2023,9,
2023-09-23,6.21,6.21,5,2023,9,
2023-09-24,6.21,6.21,9,2023,9,
2023-09-26,6.21,6.21,1,2023,9,
2023-09-29,6.21,6.21,1,2023,9,
2023-09-30,6.032857142857142,4.97,7,2023,9,
2023-10-01,6.21,6.21,7,2023,10,
2023-10-02,6.21,6.21,2,2023,10,
2023-10-03,1.395,1.24,4,2023,10,
2023-10-07,3.522222222222222,1.86,9,2023,10,
2023-10-08,3.074,0.93,10,2023,10,
2023-10-09,3.8816666666666664,1.24,6,2023,10,
2023-10-10,6.21,6.21,8,2023,10,
2023-10-11,6.21,6.21,2,2023,10,
2023-10-12,1.6740000000000002,1.55,5,2023,10,
2023-10-13,4.261428571428572,2.49,7,2023,10,
2023-10-15,5.058571428571428,3.11,7,2023,10,
2023-10-16,4.598,4.35,5,2023,10,
2023-10-17,2.33,2.17,2,2023,10,
2023-10-23,6.21,6.21,1,2023,10,
2023-10-27,3.11,3.11,4,2023,10,
2023-11-01,0.62,0.62,1,2023,11,2023.0
2023-11-02,1.8633333333333333,0.62,3,2023,11,2023.0
2023-11-03,1.482727272727273,0.81,11,2023,11,2023.0
2023-11-04,4.473999999999999,3.73,5,2023,11,2023.0
2023-11-05,4.763333333333333,4.35,3,2023,11,2023.0
2023-11-06,5.796666666666667,4.97,3,2023,11,2023.0
2023-11-07,4.04,2.49,6,2023,11,2023.0
2023-11-08,4.97,4.97,1,2023,11,2023.0
2023-11-09,4.881428571428572,4.35,7,2023,11,2023.0
2023-11-10,5.59,4.97,8,2023,11,2023.0
2023-11-11,6.21,6.21,3,2023,11,2023.0
2023-11-12,6.21,6.21,2,2023,11,2023.0
2023-11-13,6.21,6.21,5,2023,11,2023.0
2023-11-14,6.21,6.21,1,2023,11,2023.0
2023-11-15,1.24,1.24,1,2023,11,2023.0
2023-11-17,3.0050000000000003,1.86,6,2023,11,2023.0
2023-11-18,3.0324999999999998,2.8,4,2023,11,2023.0
2023-11-19,4.1433333333333335,3.11,6,2023,11,2023.0
2023-11-20,3.42,3.11,2,2023,11,2023.0
2023-11-23,2.955,2.49,4,2023,11,2023.0
2023-11-24,3.8427272727272723,3.11,11,2023,11,2023.0
2023-11-25,4.5825,4.35,8,2023,11,2023.0
2023-11-26,4.7219999999999995,4.35,5,2023,11,2023.0
2023-11-27,4.792857142857143,4.35,7,2023,11,2023.0
2023-11-28,5.9,4.97,4,2023,11,2023.0
2023-12-01,6.21,6.21,4,2023,12,2023.0
2023-12-02,6.21,6.21,1,2023,12,2023.0
2023-12-03,6.21,6.21,5,2023,12,2023.0
2023-12-04,6.21,6.21,8,2023,12,2023.0
2023-12-05,6.21,6.21,5,2023,12,2023.0
2023-12-06,6.21,6.21,7,2023,12,2023.0
2023-12-07,6.21,6.21,1,2023,12,2023.0
2023-12-08,6.21,6.21,3,2023,12,2023.0
2023-12-09,6.21,6.21,4,2023,12,2023.0
2023-12-10,6.21,6.21,11,2023,12,2023.0
2023-12-11,2.49,2.49,1,2023,12,2023.0
2023-12-12,2.49,2.49,1,2023,12,2023.0
2023-12-14,0.56,0.5,2,2023,12,2023.0
2023-12-15,2.49,2.49,2,2023,12,2023.0
2023-12-21,4.35,4.35,2,2023,12,2023.0
2023-12-22,3.73,3.73,1,2023,12,2023.0
2023-12-23,6.003333333333334,4.35,9,2023,12,2023.0
2023-12-24,3.2444444444444445,1.86,9,2023,12,2023.0
2023-12-25,6.21,6.21,1,2023,12,2023.0
2023-12-26,1.0250000000000001,0.93,2,2023,12,2023.0
2023-12-27,,,0,2023,12,2023.0
2023-12-28,0.93,0.93,2,2023,12,2023.0
2023-12-29,1.0333333333333334,0.93,3,2023,12,2023.0
2023-12-30,3.5725,1.24,4,2023,12,2023.0
2023-12-31,5.9,4.97,4,2023,12,2023.0
2024-01-01,6.21,6.21,2,2024,1,2023.0
2024-01-02,6.21,6.21,1,2024,1,2023.0
2024-01-04,6.21,6.21,1,2024,1,2023.0
2024-01-06,6.21,6.21,1,2024,1,2023.0
2024-01-07,6.21,6.21,1,2024,1,2023.0
2024-01-08,6.21,6.21,5,2024,1,2023.0
2024-01-09,6.21,6.21,3,2024,1,2023.0
2024-01-10,6.21,6.21,5,2024,1,2023.0
2024-01-11,0.62,0.62,1,2024,1,2023.0
2024-01-12,2.955,2.49,4,2024,1,2023.0
2024-01-13,3.73,3.73,4,2024,1,2023.0
2024-01-14,4.35,4.35,3,2024,1,2023.0
2024-01-15,0.62,0.62,2,2024,1,2023.0
2024-01-16,1.24,1.24,3,2024,1,2023.0
2024-01-17,6.21,6.21,2,2024,1,2023.0
2024-01-18,5.59,4.97,2,2024,1,2023.0
2024-01-19,3.885,3.11,4,2024,1,2023.0
2024-01-20,3.885,3.11,4,2024,1,2023.0
2024-01-21,5.176666666666667,3.11,6,2024,1,2023.0
2024-01-22,6.21,6.21,5,2024,1,2023.0
2024-01-23,6.21,6.21,5,2024,1,2023.0
2024-01-24,1.86,1.86,5,2024,1,2023.0
2024-01-25,2.3085714285714287,1.24,7,2024,1,2023.0
2024-01-26,1.86,1.86,1,2024,1,2023.0
2024-01-27,0.56,0.5,2,2024,1,2023.0
2024-01-28,1.86,1.86,1,2024,1,2023.0
2024-01-29,1.085,0.93,2,2024,1,2023.0
2024-01-30,0.93,0.93,1,2024,1,2023.0
2024-01-31,0.93,0.93,3,2024,1,2023.0
2024-02-01,0.4766666666666666,0.43,3,2024,2,2023.0
2024-02-02,0.555,0.43,4,2024,2,2023.0
2024-02-03,0.744,0.62,5,2024,2,2023.0
2024-02-05,1.86,1.86,3,2024,2,2023.0
2024-02-07,0.62,0.62,1,2024,2,2023.0
2024-02-13,6.21,6.21,4,2024,2,2023.0
2024-02-14,4.97,4.97,3,2024,2,2023.0
2024-02-15,4.694444444444445,3.73,9,2024,2,2023.0
2024-02-16,0.5,0.25,4,2024,2,2023.0
2024-02-17,0.6416666666666667,0.62,6,2024,2,2023.0
2024-02-18,2.1775,1.24,4,2024,2,2023.0
2024-02-19,3.11,3.11,5,2024,2,2023.0
2024-02-22,4.97,4.97,2,2024,2,2023.0
2024-02-23,6.21,6.21,4,2024,2,2023.0
2024-02-24,5.501428571428571,4.97,7,2024,2,2023.0
2024-02-25,5.962,4.97,5,2024,2,2023.0
2024-02-27,6.21,6.21,1,2024,2,2023.0
2024-03-01,6.21,6.21,4,2024,3,2023.0
2024-03-02,4.35,4.35,5,2024,3,2023.0
2024-03-03,5.383333333333333,4.97,3,2024,3,2023.0
2024-03-04,1.76,1.24,3,2024,3,2023.0
2024-03-05,6.21,6.21,2,2024,3,2023.0
2024-03-06,6.21,6.21,3,2024,3,2023.0
2024-03-07,5.59,4.35,5,2024,3,2023.0
2024-03-08,5.855714285714286,4.97,14,2024,3,2023.0
2024-03-09,6.21,6.21,6,2024,3,2023.0
2024-03-10,6.21,6.21,8,2024,3,2023.0
2024-03-11,6.21,6.21,4,2024,3,2023.0
2024-03-12,5.714,4.97,5,2024,3,2023.0
2024-03-13,5.745,4.97,8,2024,3,2023.0
2024-03-14,5.678571428571429,4.97,7,2024,3,2023.0
2024-03-15,6.21,6.21,5,2024,3,2023.0
2024-03-16,4.97,3.73,2,2024,3,2023.0
2024-03-18,1.24,1.24,1,2024,3,2023.0
2024-03-19,0.5425,0.25,4,2024,3,2023.0
2024-03-20,0.67,0.37,5,2024,3,2023.0
2024-03-21,2.8242857142857143,0.5,7,2024,3,2023.0
2024-03-22,5.944285714285714,5.59,7,2024,3,2023.0
2024-03-23,0.62,0.62,1,2024,3,2023.0
2024-03-26,5.9,4.97,4,2024,3,2023.0
2024-03-27,5.383333333333333,4.97,3,2024,3,2023.0
2024-03-28,4.97,4.97,1,2024,3,2023.0
2024-03-31,4.97,4.97,1,2024,3,2023.0
2024-04-01,4.7219999999999995,4.35,5,2024,4,
2024-04-02,4.97,4.97,5,2024,4,
2024-04-03,6.21,6.21,3,2024,4,
2024-04-04,4.97,4.97,3,2024,4,
2024-04-05,6.21,6.21,9,2024,4,
2024-04-06,6.21,6.21,6,2024,4,
2024-04-07,6.003333333333333,4.97,6,2024,4,
2024-04-08,6.21,6.21,3,2024,4,
2024-04-10,6.21,6.21,1,2024,4,
2024-04-12,1.86,1.86,4,2024,4,
2024-04-14,5.59,4.97,2,2024,4,
2024-04-15,6.21,6.21,1,2024,4,
2024-04-17,6.21,6.21,1,2024,4,
2024-04-19,4.35,4.35,1,2024,4,
2024-04-21,6.21,6.21,2,2024,4,
2024-04-22,6.21,6.21,2,2024,4,
2024-04-23,5.59,4.97,2,2024,4,
2024-04-24,6.21,6.21,1,2024,4,
2024-04-25,4.97,4.97,3,2024,4,
2024-04-26,6.21,6.21,2,2024,4,
2024-05-04,6.21,6.21,2,2024,5,
2024-05-05,6.21,6.21,2,2024,5,
2024-05-06,5.412857142857143,4.35,7,2024,5,
2024-05-07,6.21,6.21,5,2024,5,
2024-05-08,6.21,6.21,11,2024,5,
2024-05-09,5.383333333333333,4.97,3,2024,5,
2024-05-10,6.21,6.21,1,2024,5,
2024-05-11,6.21,6.21,8,2024,5,
2024-05-12,6.21,6.21,8,2024,5,
2024-05-13,6.21,6.21,10,2024,5,
2024-05-14,4.763333333333333,3.73,6,2024,5,
2024-05-15,5.279999999999999,4.35,2,2024,5,
2024-05-16,5.944285714285714,4.35,7,2024,5,
2024-05-18,5.796666666666667,4.97,12,2024,5,
2024-05-19,6.21,6.21,3,2024,5,
2024-05-20,6.21,6.21,7,2024,5,
2024-05-21,6.21,6.21,2,2024,5,
2024-05-22,6.21,6.21,9,2024,5,
2024-05-23,6.21,6.21,8,2024,5,
2024-05-24,6.21,6.21,1,2024,5,
2024-05-25,6.21,6.21,10,2024,5,
2024-05-26,6.21,6.21,8,2024,5,
2024-05-27,6.21,6.21,7,2024,5,
2024-05-28,6.21,6.21,1,2024,5,
2024-05-29,6.21,6.21,3,2024,5,
2024-05-30,6.21,6.21,9,2024,5,
2024-05-31,6.21,6.21,5,2024,5,
2024-06-01,5.484999999999999,1.86,6,2024,6,
2024-06-02,6.21,6.21,7,2024,6,
2024-06-03,6.21,6.21,2,2024,6,
2024-06-04,6.21,6.21,9,2024,6,
2024-06-06,6.21,6.21,4,2024,6,
2024-06-07,6.21,6.21,5,2024,6,
2024-06-08,6.21,6.21,6,2024,6,
2024-06-09,6.21,6.21,10,2024,6,
2024-06-10,6.21,6.21,4,2024,6,
2024-06-11,5.28,3.11,8,2024,6,
2024-06-12,6.21,6.21,9,2024,6,
2024-06-13,6.21,6.21,7,2024,6,
2024-06-14,6.21,6.21,5,2024,6,
2024-06-15,6.21,6.21,4,2024,6,
2024-06-17,6.21,6.21,5,2024,6,
2024-06-18,6.21,6.21,5,2024,6,
2024-06-19,6.21,6.21,3,2024,6,
2024-06-20,6.21,6.21,5,2024,6,
2024-06-21,6.21,6.21,6,2024,6,
2024-06-22,6.21,6.21,13,2024,6,
2024-06-23,6.21,6.21,17,2024,6,
2024-06-24,6.21,6.21,12,2024,6,
2024-06-25,6.086,4.97,10,2024,6,
2024-06-26,6.21,6.21,5,2024,6,
2024-06-27,6.21,6.21,15,2024,6,
2024-06-28,6.21,6.21,11,2024,6,
2024-06-29,6.21,6.21,11,2024,6,
2024-06-30,6.21,6.21,11,2024,6,
2024-07-01,6.21,6.21,17,2024,7,
2024-07-02,6.21,6.21,7,2024,7,
2024-07-03,6.21,6.21,6,2024,7,
2024-07-04,6.21,6.21,13,2024,7,
2024-07-05,6.21,6.21,3,2024,7,
2024-07-06,6.21,6.21,6,2024,7,
2024-07-07,6.21,6.21,11,2024,7,
2024-07-08,6.21,6.21,5,2024,7,
2024-07-09,6.21,6.21,4,2024,7,
2024-07-10,6.21,6.21,10,2024,7,
2024-07-11,6.21,6.21,10,2024,7,
2024-07-12,6.21,6.21,5,2024,7,
2024-07-13,6.21,6.21,7,2024,7,
2024-07-14,6.1273333333333335,4.97,15,2024,7,
2024-07-15,6.032857142857142,4.97,7,2024,7,
2024-07-16,5.383333333333333,3.73,3,2024,7,
2024-07-17,6.21,6.21,11,2024,7,
2024-07-18,6.21,6.21,7,2024,7,
2024-07-19,4.195,2.49,8,2024,7,
2024-07-20,6.21,6.21,10,2024,7,
2024-07-21,6.21,6.21,5,2024,7,
2024-07-23,6.21,6.21,6,2024,7,
2024-07-24,6.21,6.21,10,2024,7,
2024-07-25,6.21,6.21,1,2024,7,
2024-07-30,6.21,6.21,3,2024,7,
2024-07-31,6.21,6.21,1,2024,7,
2024-08-01,6.21,6.21,4,2024,8,
2024-08-02,6.21,6.21,5,2024,8,
2024-08-03,6.21,6.21,5,2024,8,
2024-08-04,6.21,6.21,13,2024,8,
2024-08-16,6.21,6.21,1,2024,8,
2024-08-22,5.59,3.11,5,2024,8,
2024-08-23,6.21,6.21,1,2024,8,
2024-08-24,6.21,6.21,2,2024,8,
2024-08-29,6.21,6.21,6,2024,8,
2024-08-30,5.176666666666667,3.11,3,2024,8,
2024-08-31,6.21,6.21,9,2024,8,
2024-09-01,6.21,6.21,10,2024,9,
2024-09-02,6.21,6.21,13,2024,9,
2024-09-03,5.837999999999999,4.97,10,2024,9,
2024-09-04,5.962,4.97,5,2024,9,
2024-09-05,5.8225,3.11,8,2024,9,
2024-09-06,5.59,4.97,4,2024,9,
2024-09-07,4.835714285714286,1.55,7,2024,9,
2024-09-08,6.21,6.21,2,2024,9,
2024-09-09,6.21,6.21,11,2024,9,
2024-09-10,5.8999999999999995,4.35,12,2024,9,
2024-09-16,6.21,6.21,2,2024,9,
2024-09-18,6.21,6.21,1,2024,9,
2024-09-19,6.21,6.21,1,2024,9,
2024-09-24,6.21,6.21,3,2024,9,
2024-09-25,6.21,6.21,4,2024,9,
2024-09-27,6.21,6.21,5,2024,9,
2024-09-28,6.21,6.21,4,2024,9,
2024-09-29,6.21,6.21,9,2024,9,
2024-09-30,6.21,6.21,11,2024,9,
2024-10-01,6.21,6.21,3,2024,10,
2024-10-02,6.21,6.21,6,2024,10,
2024-10-03,6.21,6.21,1,2024,10,
2024-10-04,6.21,6.21,2,2024,10,
2024-10-05,6.21,6.21,7,2024,10,
2024-10-06,6.21,6.21,8,2024,10,
2024-10-07,6.21,6.21,3,2024,10,
2024-10-08,6.21,6.21,10,2024,10,
2024-10-09,6.21,6.21,5,2024,10,
2024-10-10,6.21,6.21,6,2024,10,
2024-10-11,6.21,6.21,2,2024,10,
2024-10-12,6.21,6.21,8,2024,10,
2024-10-13,6.21,6.21,9,2024,10,
2024-10-14,6.21,6.21,8,2024,10,
2024-10-15,6.21,6.21,11,2024,10,
2024-10-16,6.21,6.21,7,2024,10,
2024-10-17,6.032857142857142,4.97,7,2024,10,
2024-10-18,6.21,6.21,14,2024,10,
2024-10-19,6.21,6.21,10,2024,10,
2024-10-20,6.21,6.21,13,2024,10,
2024-10-21,6.21,6.21,11,2024,10,
2024-10-22,6.21,6.21,10,2024,10,
2024-10-23,5.796666666666667,4.97,9,2024,10,
2024-10-24,1.8633333333333333,0.93,6,2024,10,
2024-10-25,0.7322222222222222,0.62,9,2024,10,
2024-10-26,1.2884615384615385,0.62,13,2024,10,
2024-10-27,1.33875,0.93,16,2024,10,
2024-10-28,2.1427272727272726,1.37,11,2024,10,
2024-10-29,4.04,3.73,8,2024,10,
2024-10-30,1.36,0.62,9,2024,10,
2024-10-31,6.21,6.21,9,2024,10,
2024-11-01,4.918333333333333,3.73,12,2024,11,2024.0
2024-11-02,1.7325,1.24,12,2024,11,2024.0
2024-11-03,1.2066666666666666,0.62,9,2024,11,2024.0
2024-11-04,4.845999999999999,4.35,5,2024,11,2024.0
2024-11-05,5.3575,3.73,8,2024,11,2024.0
2024-11-06,1.2833333333333332,0.37,6,2024,11,2024.0
2024-11-07,1.5050000000000001,0.75,4,2024,11,2024.0
2024-11-08,1.4907142857142859,0.5,14,2024,11,2024.0
2024-11-09,4.792857142857143,3.11,14,2024,11,2024.0
2024-11-10,5.855714285714286,4.97,14,2024,11,2024.0
2024-11-11,4.556666666666667,3.73,6,2024,11,2024.0
2024-11-12,5.435,3.11,12,2024,11,2024.0
2024-11-13,5.984545454545454,4.97,11,2024,11,2024.0
2024-11-14,5.073333333333333,3.73,6,2024,11,2024.0
2024-11-15,5.759090909090909,4.35,11,2024,11,2024.0
2024-11-16,6.21,6.21,8,2024,11,2024.0
2024-11-17,1.5227272727272727,1.24,11,2024,11,2024.0
2024-11-18,1.5178571428571428,1.12,14,2024,11,2024.0
2024-11-19,1.4983333333333333,1.24,12,2024,11,2024.0
2024-11-20,1.4466666666666665,1.24,6,2024,11,2024.0
2024-11-21,1.7990000000000002,1.24,10,2024,11,2024.0
2024-11-22,3.8841666666666668,1.24,12,2024,11,2024.0
2024-11-23,5.6463636363636365,4.97,11,2024,11,2024.0
2024-11-24,5.78,0.62,13,2024,11,2024.0
2024-11-25,2.3579999999999997,1.24,15,2024,11,2024.0
2024-11-26,2.4842857142857144,1.86,14,2024,11,2024.0
2024-11-27,4.412,3.11,10,2024,11,2024.0
2024-11-28,1.1454545454545455,0.5,11,2024,11,2024.0
2024-11-29,1.4307692307692308,0.93,13,2024,11,2024.0
2024-11-30,2.8819999999999997,1.55,15,2024,11,2024.0
2024-12-01,4.298333333333333,3.11,12,2024,12,2024.0
2024-12-02,6.21,6.21,17,2024,12,2024.0
2024-12-03,6.21,6.21,12,2024,12,2024.0
2024-12-04,6.21,6.21,13,2024,12,2024.0
2024-12-05,6.21,6.21,7,2024,12,2024.0
2024-12-06,6.21,6.21,9,2024,12,2024.0
2024-12-07,4.922307692307692,3.11,13,2024,12,2024.0
2024-12-08,4.437857142857142,1.86,14,2024,12,2024.0
2024-12-09,4.3500000000000005,3.11,11,2024,12,2024.0
2024-12-10,6.21,6.21,3,2024,12,2024.0
2024-12-11,6.21,6.21,10,2024,12,2024.0
2024-12-12,6.21,6.21,17,2024,12,2024.0
2024-12-13,6.21,6.21,9,2024,12,2024.0
2024-12-14,6.21,6.21,12,2024,12,2024.0
2024-12-15,1.0609090909090908,0.31,11,2024,12,2024.0
2024-12-16,0.6266666666666667,0.5,12,2024,12,2024.0
2024-12-17,3.8946153846153844,0.93,13,2024,12,2024.0
2024-12-18,5.156,4.97,10,2024,12,2024.0
2024-12-19,3.47,1.86,12,2024,12,2024.0
2024-12-20,0.5857142857142856,0.5,7,2024,12,2024.0
2024-12-21,2.171818181818182,1.55,11,2024,12,2024.0
2024-12-22,3.482,3.11,10,2024,12,2024.0
2024-12-23,4.901111111111111,3.73,9,2024,12,2024.0
2024-12-24,6.21,6.21,9,2024,12,2024.0
2024-12-25,6.21,6.21,12,2024,12,2024.0
2024-12-27,6.21,6.21,9,2024,12,2024.0
2024-12-28,4.2975,1.86,12,2024,12,2024.0
2024-12-29,2.955,2.49,4,2024,12,2024.0
2024-12-30,5.501428571428571,4.97,7,2024,12,2024.0
2024-12-31,0.9490909090909091,0.62,11,2024,12,2024.0
2025-01-01,0.9041666666666667,0.62,12,2025,1,2024.0
2025-01-02,1.24,0.62,6,2025,1,2024.0
2025-01-03,2.2054545454545456,0.93,11,2025,1,2024.0
2025-01-04,3.5439999999999996,2.49,10,2025,1,2024.0
2025-01-06,3.16125,0.75,8,2025,1,2024.0
2025-01-07,0.67625,0.5,8,2025,1,2024.0
2025-01-08,2.12,0.93,11,2025,1,2024.0
2025-01-09,3.11,3.11,11,2025,1,2024.0
2025-01-10,2.997272727272727,2.49,11,2025,1,2024.0
2025-01-11,1.5514285714285714,1.24,7,2025,1,2024.0
2025-01-13,3.867777777777778,3.73,9,2025,1,2024.0
2025-01-14,6.21,6.21,2,2025,1,2024.0
2025-01-15,6.1066666666666665,4.97,12,2025,1,2024.0
2025-01-16,6.21,6.21,15,2025,1,2024.0
2025-01-17,6.21,6.21,10,2025,1,2024.0
2025-01-19,6.21,6.21,1,2025,1,2024.0
2025-02-07,1.24,1.24,1,2025,2,2024.0
2025-02-10,4.1433333333333335,3.73,3,2025,2,2024.0
2025-02-11,5.3420000000000005,4.35,5,2025,2,2024.0
2025-02-12,6.21,6.21,2,2025,2,2024.0
2025-02-13,0.8483333333333333,0.62,6,2025,2,2024.0
2025-02-14,3.42,3.11,2,2025,2,2024.0
2025-02-15,5.28,3.73,12,2025,2,2024.0
2025-02-16,6.21,6.21,14,2025,2,2024.0
2025-02-17,6.21,6.21,6,2025,2,2024.0
2025-02-19,6.21,6.21,5,2025,2,2024.0
2025-02-20,6.21,6.21,4,2025,2,2024.0
2025-02-21,6.21,6.21,9,2025,2,2024.0
2025-02-22,6.21,6.21,6,2025,2,2024.0
2025-02-23,5.59,3.73,12,2025,2,2024.0
2025-02-24,0.775,0.62,2,2025,2,2024.0
2025-02-25,0.75,0.75,1,2025,2,2024.0
2025-02-26,0.62,0.62,1,2025,2,2024.0
2025-02-27,2.9525,1.86,4,2025,2,2024.0
2025-02-28,5.658888888888889,4.35,9,2025,2,2024.0
2025-03-01,6.21,6.21,11,2025,3,2024.0
2025-03-02,2.8266666666666667,0.81,15,2025,3,2024.0
2025-03-03,4.072222222222222,1.24,9,2025,3,2024.0
2025-03-04,4.97,4.97,2,2025,3,2024.0
2025-03-05,5.658888888888889,4.97,9,2025,3,2024.0
2025-03-06,2.243846153846154,1.24,13,2025,3,2024.0
2025-03-07,2.7266666666666666,1.24,9,2025,3,2024.0
2025-03-08,6.21,6.21,7,2025,3,2024.0
2025-03-09,6.21,6.21,7,2025,3,2024.0
2025-03-10,6.21,6.21,3,2025,3,2024.0
2025-03-11,6.21,6.21,13,2025,3,2024.0
2025-03-12,6.21,6.21,14,2025,3,2024.0
2025-03-13,6.21,6.21,13,2025,3,2024.0
2025-03-14,6.21,6.21,9,2025,3,2024.0
2025-03-15,6.21,6.21,4,2025,3,2024.0
2025-03-16,6.21,6.21,2,2025,3,2024.0
2025-03-17,5.9,4.97,8,2025,3,2024.0
2025-03-18,6.21,6.21,10,2025,3,2024.0
2025-03-19,6.21,6.21,8,2025,3,2024.0
2025-03-20,6.21,6.21,7,2025,3,2024.0
2025-03-21,5.678571428571429,4.97,7,2025,3,2024.0
2025-03-22,2.566666666666667,0.81,6,2025,3,2024.0
2025-03-23,2.600909090909091,1.86,11,2025,3,2024.0
2025-03-24,5.176666666666667,3.11,3,2025,3,2024.0
2025-03-25,6.21,6.21,12,2025,3,2024.0
2025-03-26,5.314444444444444,4.97,18,2025,3,2024.0
2025-03-27,5.984545454545454,4.97,11,2025,3,2024.0
2025-03-28,6.21,6.21,11,2025,3,2024.0
2025-03-29,6.044666666666667,4.97,15,2025,3,2024.0
2025-03-30,5.9715384615384615,4.35,13,2025,3,2024.0
2025-03-31,6.21,6.21,10,2025,3,2024.0
2025-04-01,4.254615384615385,2.49,13,2025,4,
2025-04-02,4.401666666666666,3.11,12,2025,4,
2025-04-03,5.59,4.97,4,2025,4,
2025-04-04,6.21,6.21,6,2025,4,
2025-04-05,6.21,6.21,13,2025,4,
2025-04-06,6.21,6.21,8,2025,4,
2025-04-07,6.21,6.21,12,2025,4,
2025-04-08,6.21,6.21,8,2025,4,
2025-04-09,6.21,6.21,9,2025,4,
2025-04-10,4.845999999999999,4.35,10,2025,4,
2025-04-11,0.47833333333333333,0.37,6,2025,4,
2025-04-12,3.4877777777777776,0.93,9,2025,4,
2025-04-13,2.1725,0.93,12,2025,4,
2025-04-14,3.7277777777777774,1.55,9,2025,4,
2025-04-15,5.59,4.97,8,2025,4,
2025-04-16,5.3420000000000005,4.97,10,2025,4,
2025-04-17,4.97,4.97,3,2025,4,
2025-04-18,5.796666666666667,4.97,9,2025,4,
2025-04-19,6.21,6.21,10,2025,4,
2025-04-20,6.21,6.21,15,2025,4,
2025-04-21,6.21,6.21,13,2025,4,
2025-04-22,6.21,6.21,7,2025,4,
2025-04-25,2.761111111111111,1.24,9,2025,4,
2025-04-26,0.8939999999999999,0.62,5,2025,4,
2025-04-27,0.87,0.62,9,2025,4,
2025-04-28,1.8625,1.24,8,2025,4,
2025-04-29,3.0324999999999998,2.49,8,2025,4,
2025-04-30,5.5125,3.11,8,2025,4,
2025-05-01,3.39125,0.75,16,2025,5,
2025-05-02,2.2157142857142857,1.24,7,2025,5,
2025-05-03,3.8075,3.11,8,2025,5,
2025-05-04,1.24125,0.62,8,2025,5,
2025-05-05,0.995,0.75,2,2025,5,
2025-05-06,1.9633333333333336,1.86,3,2025,5,
2025-05-07,4.325714285714286,2.17,14,2025,5,
2025-05-08,4.97,4.97,5,2025,5,
2025-05-09,5.218,4.97,5,2025,5,
2025-05-10,6.21,6.21,14,2025,5,
2025-05-11,6.21,6.21,5,2025,5,
2025-05-12,6.21,6.21,9,2025,5,
2025-05-13,6.21,6.21,10,2025,5,
2025-05-14,6.21,6.21,5,2025,5,
2025-05-15,6.21,6.21,6,2025,5,
2025-05-16,6.21,6.21,5,2025,5,
2025-05-17,6.21,6.21,10,2025,5,
2025-05-18,5.59,4.35,12,2025,5,
2025-05-19,6.072222222222222,4.97,9,2025,5,
2025-05-20,6.21,6.21,6,2025,5,
2025-05-21,6.21,6.21,9,2025,5,
2025-05-22,6.21,6.21,7,2025,5,
2025-05-23,6.21,6.21,8,2025,5,
2025-05-24,6.21,6.21,14,2025,5,
2025-05-25,6.21,6.21,13,2025,5,
2025-05-26,6.21,6.21,12,2025,5,
2025-05-27,6.21,6.21,8,2025,5,
2025-05-28,6.21,6.21,5,2025,5,
2025-05-29,6.21,6.21,11,2025,5,
2025-05-30,6.21,6.21,10,2025,5,
2025-05-31,6.21,6.21,10,2025,5,
2025-06-01,6.21,6.21,10,2025,6,
2025-06-02,6.21,6.21,6,2025,6,
2025-06-03,6.21,6.21,5,2025,6,
2025-06-04,6.21,6.21,13,2025,6,
2025-06-07,6.21,6.21,1,2025,6,
2025-06-10,6.21,6.21,5,2025,6,
2025-06-11,6.21,6.21,12,2025,6,
2025-06-12,6.21,6.21,14,2025,6,
2025-06-13,6.21,6.21,11,2025,6,
2025-06-14,6.21,6.21,10,2025,6,
2025-06-15,6.21,6.21,10,2025,6,
2025-06-16,6.21,6.21,11,2025,6,
2025-06-17,6.21,6.21,10,2025,6,
2025-06-18,6.21,6.21,13,2025,6,
2025-06-19,6.21,6.21,6,2025,6,
2025-06-20,5.057142857142857,1.86,7,2025,6,
2025-06-21,6.21,6.21,4,2025,6,
2025-06-22,6.21,6.21,6,2025,6,
2025-06-23,6.21,6.21,6,2025,6,
2025-06-24,6.21,6.21,11,2025,6,
2025-06-25,6.21,6.21,14,2025,6,
2025-06-26,6.21,6.21,6,2025,6,
2025-06-27,6.21,6.21,11,2025,6,
2025-06-28,6.21,6.21,12,2025,6,
2025-06-29,6.21,6.21,14,2025,6,
2025-06-30,6.21,6.21,6,2025,6,
2025-07-01,6.21,6.21,8,2025,7,
2025-07-02,6.21,6.21,11,2025,7,
2025-07-03,6.21,6.21,4,2025,7,
2025-07-04,6.21,6.21,10,2025,7,
2025-07-05,6.21,6.21,10,2025,7,
2025-07-06,6.055,4.97,8,2025,7,
2025-07-07,6.21,6.21,6,2025,7,
2025-07-08,6.21,6.21,5,2025,7,
2025-07-09,6.21,6.21,5,2025,7,
2025-07-10,6.21,6.21,13,2025,7,
2025-07-11,6.21,6.21,7,2025,7,
2025-07-12,6.21,6.21,11,2025,7,
2025-07-13,6.21,6.21,1,2025,7,
2025-07-14,6.21,6.21,10,2025,7,
2025-07-15,6.21,6.21,9,2025,7,
2025-07-16,6.21,6.21,7,2025,7,
2025-07-17,6.21,6.21,7,2025,7,
2025-07-18,6.21,6.21,2,2025,7,
2025-07-19,6.21,6.21,6,2025,7,
2025-07-20,5.589230769230769,1.86,13,2025,7,
2025-07-21,6.21,6.21,12,2025,7,
2025-07-22,6.21,6.21,6,2025,7,
2025-07-23,6.003333333333333,4.97,6,2025,7,
2025-07-24,6.21,6.21,8,2025,7,
2025-07-25,6.21,6.21,6,2025,7,
2025-07-26,6.21,6.21,4,2025,7,
2025-07-31,6.21,6.21,1,2025,7,
2025-08-17,6.21,6.21,4,2025,8,
2025-08-18,6.21,6.21,5,2025,8,
2025-08-19,6.21,6.21,15,2025,8,
2025-08-20,6.21,6.21,10,2025,8,
2025-08-21,6.21,6.21,10,2025,8,
2025-08-22,6.21,6.21,5,2025,8,
2025-08-23,6.21,6.21,6,2025,8,
2025-08-24,6.21,6.21,7,2025,8,
2025-08-25,6.21,6.21,13,2025,8,
2025-08-26,6.21,6.21,11,2025,8,
2025-08-27,6.032857142857142,4.97,7,2025,8,
2025-08-28,6.21,6.21,7,2025,8,
2025-08-29,6.21,6.21,5,2025,8,
2025-08-30,5.383333333333333,3.11,6,2025,8,
2025-08-31,6.21,6.21,7,2025,8,
2025-09-01,6.21,6.21,3,2025,9,
2025-09-02,6.032857142857142,4.97,7,2025,9,
2025-09-03,6.21,6.21,5,2025,9,
2025-09-04,6.072222222222222,4.97,9,2025,9,
2025-09-05,5.532727272727272,1.86,11,2025,9,
2025-09-06,6.21,6.21,3,2025,9,
2025-09-07,6.21,6.21,6,2025,9,
2025-09-08,5.59,3.11,5,2025,9,
2025-09-09,6.21,6.21,9,2025,9,
2025-09-10,5.9,3.11,10,2025,9,
2025-09-11,6.21,6.21,12,2025,9,
2025-09-12,6.21,6.21,8,2025,9,
2025-09-13,6.21,6.21,7,2025,9,
2025-09-14,6.21,6.21,16,2025,9,
2025-09-15,6.21,6.21,11,2025,9,
2025-09-16,5.9,3.11,10,2025,9,
2025-09-17,6.21,6.21,5,2025,9,
2025-09-18,6.21,6.21,10,2025,9,
2025-09-19,6.21,6.21,3,2025,9,
2025-09-20,6.21,6.21,6,2025,9,
2025-09-21,6.21,6.21,11,2025,9,
2025-09-22,6.21,6.21,6,2025,9,
2025-09-23,6.21,6.21,6,2025,9,
2025-09-24,5.59,4.97,2,2025,9,
2025-09-25,5.590000000000001,3.11,7,2025,9,
2025-09-26,6.21,6.21,5,2025,9,
2025-09-28,6.21,6.21,2,2025,9,
2025-09-29,6.21,6.21,9,2025,9,
2025-09-30,6.21,6.21,3,2025,9,
2025-10-01,6.21,6.21,10,2025,10,
2025-10-02,6.21,6.21,11,2025,10,
2025-10-03,6.21,6.21,14,2025,10,
2025-10-04,6.21,6.21,4,2025,10,
2025-10-05,6.21,6.21,8,2025,10,
2025-10-06,6.21,6.21,6,2025,10,
2025-10-07,6.21,6.21,6,2025,10,
2025-10-08,6.21,6.21,11,2025,10,
2025-10-09,6.21,6.21,5,2025,10,
2025-10-10,6.21,6.21,8,2025,10,
2025-10-12,6.21,6.21,3,2025,10,
2025-10-13,6.21,6.21,11,2025,10,
2025-10-14,6.21,6.21,4,2025,10,
2025-10-15,6.21,6.21,4,2025,10,
2025-10-16,5.383333333333333,4.97,3,2025,10,
2025-10-17,4.1433333333333335,3.73,6,2025,10,
2025-10-18,4.0744444444444445,2.8,9,2025,10,
2025-10-19,5.6674999999999995,3.11,8,2025,10,
2025-10-20,6.21,6.21,7,2025,10,
2025-10-21,6.21,6.21,7,2025,10,
2025-10-22,6.21,6.21,6,2025,10,
2025-10-23,6.21,6.21,6,2025,10,
2025-10-24,6.21,6.21,11,2025,10,
2025-10-25,6.21,6.21,3,2025,10,
2025-10-26,3.73,3.11,9,2025,10,
2025-10-27,3.11,3.11,12,2025,10,
2025-10-28,4.287999999999999,3.11,10,2025,10,
2025-10-29,5.6463636363636365,3.73,11,2025,10,
2025-10-30,6.21,6.21,8,2025,10,
2025-10-31,5.678571428571429,4.97,7,2025,10,
2025-11-01,4.97,4.97,2,2025,11,2025.0
2025-11-03,6.21,6.21,9,2025,11,2025.0
2025-11-04,6.086,4.97,10,2025,11,2025.0
2025-11-05,6.21,6.21,14,2025,11,2025.0
2025-11-06,6.21,6.21,3,2025,11,2025.0
2025-11-07,6.21,6.21,1,2025,11,2025.0
2025-11-09,6.21,6.21,8,2025,11,2025.0
2025-11-10,6.21,6.21,9,2025,11,2025.0
2025-11-11,6.21,6.21,15,2025,11,2025.0
2025-11-12,6.21,6.21,5,2025,11,2025.0
2025-11-13,4.556666666666667,3.73,3,2025,11,2025.0
2025-11-14,1.70625,1.24,8,2025,11,2025.0
2025-11-15,1.8,1.24,10,2025,11,2025.0
2025-11-16,1.7763636363636364,1.24,11,2025,11,2025.0
2025-11-17,2.932857142857143,2.49,7,2025,11,2025.0
2025-11-18,5.324285714285714,3.73,7,2025,11,2025.0
2025-11-19,6.21,6.21,5,2025,11,2025.0
2025-11-20,6.21,6.21,2,2025,11,2025.0
2025-11-21,6.21,6.21,12,2025,11,2025.0
2025-11-22,6.21,6.21,2,2025,11,2025.0
2025-11-23,6.21,6.21,4,2025,11,2025.0
2025-11-24,6.21,6.21,6,2025,11,2025.0
2025-11-25,4.97,3.73,2,2025,11,2025.0
2025-11-26,2.4859999999999998,1.24,5,2025,11,2025.0
2025-11-27,1.4663636363636363,1.24,11,2025,11,2025.0
2025-11-28,5.59,3.11,9,2025,11,2025.0
2025-11-29,6.21,6.21,7,2025,11,2025.0
2025-11-30,6.21,6.21,14,2025,11,2025.0
2025-12-01,1.372,0.93,10,2025,12,2025.0
2025-12-02,1.55,0.93,11,2025,12,2025.0
2025-12-03,3.106923076923077,1.86,13,2025,12,2025.0
2025-12-04,3.198571428571429,2.49,7,2025,12,2025.0
2025-12-05,4.97,4.97,8,2025,12,2025.0
2025-12-06,6.21,6.21,9,2025,12,2025.0
2025-12-07,4.298333333333333,3.11,12,2025,12,2025.0
2025-12-08,3.1875,2.49,8,2025,12,2025.0
2025-12-09,3.11,2.49,12,2025,12,2025.0
2025-12-10,4.1433333333333335,3.11,6,2025,12,2025.0
2025-12-11,2.9361111111111113,2.17,18,2025,12,2025.0
2025-12-12,2.7985714285714285,2.17,7,2025,12,2025.0
2025-12-13,3.968461538461538,2.49,13,2025,12,2025.0
2025-12-14,3.8427272727272723,3.73,11,2025,12,2025.0
2025-12-15,1.571,0.5,10,2025,12,2025.0
2025-12-16,0.8247058823529412,0.62,17,2025,12,2025.0
2025-12-17,2.1422222222222222,0.62,9,2025,12,2025.0
2025-12-18,3.907142857142857,3.11,7,2025,12,2025.0
2025-12-19,4.1433333333333335,3.73,6,2025,12,2025.0
2025-12-20,4.438571428571429,3.73,14,2025,12,2025.0
2025-12-21,3.1513333333333335,2.49,15,2025,12,2025.0
2025-12-22,3.5233333333333334,2.49,6,2025,12,2025.0
2025-12-23,4.226,3.73,5,2025,12,2025.0
2025-12-24,6.21,6.21,9,2025,12,2025.0
2025-12-25,6.1066666666666665,4.97,12,2025,12,2025.0
2025-12-26,6.21,6.21,14,2025,12,2025.0
2025-12-27,6.21,6.21,12,2025,12,2025.0
2025-12-28,6.21,6.21,9,2025,12,2025.0
2025-12-29,6.21,6.21,10,2025,12,2025.0
2025-12-30,6.21,6.21,12,2025,12,2025.0
