season,month,monthly_mean_vsby,monthly_mean_of_daily_min,days_with_data,total_obs,calendar_days,completeness_pct
1980,1,7.875,7.75,4,5,31,12.9
1980,2,8.725490196078432,7.882352941176471,17,30,28,60.7
1980,3,8.719202898550725,7.576086956521739,23,44,31,74.2
1981,1,14.4,14.4,5,5,31,16.1
1981,2,11.15625,11.125,8,9,28,28.6
1981,3,8.035714285714286,7.607142857142857,7,11,31,22.6
1981,11,7.931818181818182,6.704545454545454,22,34,30,73.3
1981,12,14.45,14.35,10,13,31,32.3
1982,1,5.480263157894737,5.026315789473684,19,25,31,61.3
1982,2,12.25,12.25,4,4,28,14.3
1982,3,8.090909090909092,7.545454545454546,11,13,31,35.5
1982,11,6.0,6.0,1,1,30,3.3
1982,12,6.65625,5.770833333333333,12,14,31,38.7
1983,1,12.666666666666666,12.666666666666666,3,4,31,9.7
1983,2,4.0,4.0,1,1,29,3.4
1983,3,6.333333333333333,6.333333333333333,3,3,31,9.7
1983,11,16.0,16.0,4,5,30,13.3
1983,12,11.2,11.2,5,5,31,16.1
1984,1,3.0,3.0,1,1,31,3.2
1984,3,9.0,9.0,1,1,31,3.2
1984,12,3.0,3.0,2,2,31,6.5
1985,1,3.5,3.5,2,2,31,6.5
1986,1,9.333333333333334,9.333333333333334,3,3,31,9.7
1986,2,9.25,9.25,4,4,28,14.3
1986,3,10.0,10.0,2,2,31,6.5
1986,11,9.03030303030303,8.545454545454545,11,16,30,36.7
1986,12,8.0,8.0,5,6,31,16.1
1987,1,2.0,1.8333333333333333,6,7,31,19.4
1987,3,8.4,8.4,5,5,31,16.1
1987,11,10.0625,10.0625,4,4,30,13.3
1987,12,6.6,6.6,5,5,31,16.1
1988,1,3.297083333333333,3.010833333333333,12,16,31,38.7
1988,2,4.375,3.96875,8,11,28,28.6
1988,3,8.5,7.909090909090909,11,14,31,35.5
1988,11,9.125,8.833333333333334,6,9,30,20.0
1988,12,5.40625,5.28125,8,9,31,25.8
1989,1,5.75,5.75,2,2,31,6.5
1989,11,5.166666666666667,5.166666666666667,3,3,30,10.0
1989,12,1.0,1.0,1,1,31,3.2
1991,2,1.0,1.0,2,2,29,6.9
1991,3,6.333333333333333,6.333333333333333,3,4,31,9.7
1991,12,4.5,4.5,2,2,31,6.5
1992,1,43.0,43.0,1,1,31,3.2
1992,3,5.0,5.0,1,1,31,3.2
1992,11,3.0,3.0,1,1,30,3.3
1992,12,4.166666666666667,4.166666666666667,3,3,31,9.7
1993,2,5.0,5.0,1,1,28,3.6
1993,3,7.2,6.5,10,12,31,32.3
1993,11,11.0,11.0,1,1,30,3.3
1993,12,6.0,6.0,2,3,31,6.5
1994,2,43.0,43.0,1,1,28,3.6
1994,3,5.0,5.0,2,2,31,6.5
1994,11,8.1,8.1,10,12,30,33.3
1994,12,5.1240000000000006,5.1240000000000006,5,6,31,16.1
1995,1,8.833333333333334,8.666666666666666,6,7,31,19.4
1995,2,8.5,8.5,2,2,29,6.9
1995,3,8.0,8.0,5,5,31,16.1
1995,11,5.896666666666667,5.896666666666667,6,6,30,20.0
1996,1,,,0,0,31,0.0
1996,2,7.625,7.625,4,5,28,14.3
1996,3,6.0,6.0,2,2,31,6.5
1996,12,6.0,6.0,1,1,31,3.2
1997,2,6.416666666666667,6.416666666666667,3,3,28,10.7
1997,3,8.0,8.0,2,2,31,6.5
1998,2,7.0,7.0,2,4,28,7.1
1998,3,7.84375,7.421875,16,27,31,51.6
1998,11,9.222222222222221,9.0,3,6,30,10.0
1999,1,7.8210227272727275,7.3977272727272725,22,44,31,71.0
1999,2,5.0625,5.0,2,6,29,6.9
1999,3,4.396825396825396,3.9642857142857144,21,41,31,67.7
1999,11,5.901041666666667,5.53125,16,46,30,53.3
1999,12,6.144345238095238,5.419642857142857,28,66,31,90.3
2000,1,2.648111111111111,2.4753333333333334,15,31,31,48.4
2000,2,4.0,3.923076923076923,13,17,28,46.4
2000,3,6.285714285714286,6.285714285714286,7,8,31,22.6
2000,11,5.291666666666667,5.25,6,7,30,20.0
2000,12,3.5144444444444445,3.5144444444444445,9,10,31,29.0
2001,1,3.25,2.825,10,13,31,32.3
2001,3,3.95,3.6,5,11,31,16.1
2001,11,4.375,4.375,8,9,30,26.7
2001,12,7.0,7.0,1,1,31,3.2
2004,1,3.7313142857142854,3.5852,25,79,31,80.6
2004,2,4.161764705882353,3.7058823529411766,17,46,28,60.7
2004,3,4.392857142857143,4.285714285714286,7,8,31,22.6
2004,11,5.1171875,4.734375,16,25,30,53.3
2004,12,5.2055921052631575,4.618421052631579,19,47,31,61.3
2005,1,4.768518518518519,4.361111111111111,9,15,31,29.0
2005,2,5.25,5.1875,8,15,28,28.6
2005,3,4.671333333333333,4.638,10,17,31,32.3
2005,11,4.464743589743589,4.326923076923077,13,24,30,43.3
2005,12,5.791666666666667,5.6875,16,25,31,51.6
2006,1,3.2,3.2,5,6,31,16.1
2006,2,5.0,5.0,14,14,28,50.0
2006,3,4.0,4.0,2,2,31,6.5
2006,11,5.08416149068323,4.782608695652174,23,51,30,76.7
2006,12,3.857142857142857,3.7142857142857144,14,23,31,45.2
2007,1,3.9490196078431374,3.6911764705882355,17,46,31,54.8
2007,2,5.0,4.2,5,13,29,17.2
2007,11,6.0,6.0,1,1,30,3.3
2007,12,1.5,1.5,1,1,31,3.2
2008,3,3.21875,3.21875,8,8,31,25.8
2008,11,5.53125,5.53125,16,20,30,53.3
2008,12,4.361111111111111,4.305555555555555,9,14,31,29.0
2009,1,5.670405982905982,5.394230769230769,26,145,31,83.9
2009,2,5.476352813852814,5.284090909090909,22,85,28,78.6
2009,3,3.1864423076923076,2.803076923076923,26,82,31,83.9
2009,11,5.44022495361781,4.848214285714286,28,231,30,93.3
2009,12,5.629582173778602,5.178571428571429,28,171,31,90.3
2010,1,4.8032639751552795,4.600434782608696,23,112,31,74.2
2010,2,5.2,4.9,15,36,28,53.6
2010,3,4.890714285714285,4.45,30,111,31,96.8
2010,11,5.81801213190102,5.611111111111111,27,192,30,90.0
2010,12,5.160385210574866,4.679310344827586,29,202,31,93.5
2011,11,6.105,6.105,2,2,30,6.7
2011,12,4.027083333333333,3.9666666666666663,3,12,31,9.7
2012,1,4.091666666666667,3.885,4,10,31,12.9
2012,2,5.142222222222222,4.625555555555556,9,40,28,32.1
2012,3,6.089051282051282,5.875769230769231,26,81,31,83.9
2012,11,6.21,6.21,3,4,30,10.0
2012,12,6.21,6.21,2,2,31,6.5
2013,1,5.746107142857142,5.28,12,64,31,38.7
2013,2,4.859671679197994,4.316842105263158,19,92,28,67.9
2013,3,5.271986394557823,5.147142857142858,21,72,31,67.7
2014,1,4.7219999999999995,4.5825,8,23,31,25.8
2014,2,5.443037037037037,5.331666666666666,12,44,28,42.9
2014,3,4.35,4.35,2,4,31,6.5
2014,11,5.007543859649123,4.920526315789473,19,38,30,63.3
2014,12,4.108428571428571,3.75,14,36,31,45.2
2015,1,3.851,3.354,5,11,31,16.1
2015,2,1.24,1.24,3,5,29,10.3
2015,3,4.874750000000001,4.811999999999999,10,26,31,32.3
2015,11,5.697466666666666,5.465999999999999,5,15,30,16.7
2015,12,2.2521166666666668,1.7830000000000001,10,30,31,32.3
2016,11,5.59,5.59,4,7,30,13.3
2016,12,4.97,4.97,2,3,31,6.5
2017,1,4.916666666666667,4.656666666666666,3,6,31,9.7
2017,2,5.176666666666667,4.97,3,4,28,10.7
2017,3,3.2733333333333334,3.2733333333333334,3,3,31,9.7
2017,12,3.5942857142857143,3.4614285714285713,7,12,31,22.6
2018,1,6.21,6.21,1,1,31,3.2
2018,3,3.313333333333334,3.106666666666667,3,4,31,9.7
2018,11,4.66,4.66,4,5,30,13.3
2018,12,5.435,5.435,4,4,31,12.9
2019,2,4.6571428571428575,4.6571428571428575,7,13,29,24.1
2019,3,4.973472222222222,4.699166666666667,12,20,31,38.7
2019,11,6.21,6.21,1,1,30,3.3
2019,12,5.59,5.59,2,3,31,6.5
2020,1,5.195266666666666,4.904,25,113,31,80.6
2020,2,3.859035256410256,3.5915384615384616,26,120,28,92.9
2020,3,4.34476026272578,4.1162068965517244,29,123,31,93.5
2020,11,5.871386243386244,5.658518518518519,27,137,30,90.0
2020,12,5.896598639455782,5.840476190476191,21,86,31,67.7
2021,1,2.7431666666666668,2.69,6,11,31,19.4
2021,2,4.350799498746867,3.9457894736842105,19,88,28,67.9
2021,3,3.3812701863354038,3.1217391304347823,23,80,31,74.2
2021,11,5.9590476190476185,5.8999999999999995,14,32,30,46.7
2021,12,4.6063,4.411,10,28,31,32.3
2022,1,4.8648891625615756,4.7844827586206895,29,152,31,93.5
2022,2,3.9487157009657006,3.7126923076923077,26,135,28,92.9
2022,3,5.658170995670996,5.49,22,102,31,71.0
2022,11,5.987363636363637,5.815454545454545,22,130,30,73.3
2022,12,4.79131974025974,4.5024,25,136,31,80.6
2023,1,5.180914877237457,4.618064516129032,31,335,31,100.0
2023,2,4.56261457986458,4.1432142857142855,28,275,29,96.6
2023,3,5.324460339049523,4.976451612903226,31,363,31,100.0
2023,11,5.689821717171717,5.279,30,227,30,100.0
2023,12,4.870161692011692,4.41,30,285,31,96.8
2024,1,4.674320442520442,3.9046666666666665,30,280,31,96.8
2024,2,4.499737603305785,4.155454545454545,22,168,28,78.6
2024,3,6.165158978952083,6.060344827586207,29,255,31,93.5
2024,11,5.079590717711407,4.434137931034483,29,305,30,96.7
2024,12,5.356444051808757,4.875,30,324,31,96.8
2025,11,6.097910173160173,5.962,30,353,30,100.0
2025,12,5.455973906322436,4.965333333333334,30,320,31,96.8
