time_utc,dust_ugm3,dust_aod,grid_lat,grid_lon
1984-12-01 00:30:00,202.56265997886658,0.26601848006248474,7.0,5.0
1984-12-01 01:30:00,207.7432554870029,0.26821911334991455,7.0,5.0
1984-12-01 02:30:00,211.17759274602577,0.2699282765388489,7.0,5.0
1984-12-01 03:30:00,213.7967385351658,0.27298101782798767,7.0,5.0
1984-12-01 04:30:00,216.00862964987755,0.2787206172943115,7.0,5.0
1984-12-01 05:30:00,217.75485947728157,0.2871435582637787,7.0,5.0
1984-12-01 06:30:00,219.1518433392048,0.29788556694984436,7.0,5.0
1984-12-01 07:30:00,218.9772203564644,0.31033778190612793,7.0,5.0
1984-12-01 08:30:00,215.65938368439674,0.32108065485954285,7.0,5.0
1984-12-01 09:30:00,212.1669240295887,0.3264519274234772,7.0,5.0
1984-12-01 10:30:00,208.67446437478065,0.32571911811828613,7.0,5.0
1984-12-01 11:30:00,207.04464986920357,0.32193511724472046,7.0,5.0
1984-12-01 12:30:00,207.39389583468437,0.31900539994239807,7.0,5.0
1984-12-01 13:30:00,209.19833332300186,0.3181505501270294,7.0,5.0
1984-12-01 14:30:00,212.05050870776176,0.3185168504714966,7.0,5.0
1984-12-01 15:30:00,213.44749256968498,0.3185177147388458,7.0,5.0
1984-12-01 16:30:00,214.43702280521393,0.31803056597709656,7.0,5.0
1984-12-01 17:30:00,214.61164578795433,0.31754323840141296,7.0,5.0
1984-12-01 18:30:00,214.37881514430046,0.3174217641353607,7.0,5.0
1984-12-01 19:30:00,213.91315385699272,0.31730037927627563,7.0,5.0
1984-12-01 20:30:00,213.27286958694458,0.315708726644516,7.0,5.0
1984-12-01 21:30:00,212.45796233415604,0.31265464425086975,7.0,5.0
1984-12-01 22:30:00,211.4684320986271,0.309358686208725,7.0,5.0
1984-12-01 23:30:00,210.3624865412712,0.3075282573699951,7.0,5.0
1984-12-02 00:30:00,209.19833332300186,0.3066748380661011,7.0,5.0
1984-12-02 01:30:00,207.8595571219921,0.30594402551651,7.0,5.0
1984-12-02 02:30:00,206.34615793824196,0.30569738149642944,7.0,5.0
1984-12-02 03:30:00,204.59992811083794,0.3066728413105011,7.0,5.0
1984-12-02 04:30:00,202.8536982834339,0.3092367351055145,7.0,5.0
1984-12-02 05:30:00,200.9328454732895,0.3121654689311981,7.0,5.0
1984-12-02 06:30:00,198.6045390367508,0.31424009799957275,7.0,5.0
1984-12-02 07:30:00,192.55094230175018,0.3152182996273041,7.0,5.0
1984-12-02 08:30:00,188.2435896050083,0.3148508071899414,7.0,5.0
1984-12-02 09:30:00,186.43916632754554,0.313991516828537,7.0,5.0
1984-12-02 10:30:00,184.86758790459135,0.31337970495224,7.0,5.0
1984-12-02 11:30:00,183.3542029316959,0.31240102648735046,7.0,5.0
1984-12-02 12:30:00,181.37507140636444,0.3109331429004669,7.0,5.0
1984-12-02 13:30:00,179.16318029165268,0.3088584840297699,7.0,5.0
1984-12-02 14:30:00,177.8826117515564,0.30678319931030273,7.0,5.0
1984-12-02 15:30:00,177.3587428033352,0.30446338653564453,7.0,5.0
1984-12-02 16:30:00,176.4274202287197,0.3012889623641968,7.0,5.0
1984-12-02 17:30:00,175.5543053150177,0.29652926325798035,7.0,5.0
1984-12-02 18:30:00,174.73939806222916,0.290914922952652,7.0,5.0
1984-12-02 19:30:00,173.69166016578674,0.2854236662387848,7.0,5.0
1984-12-02 20:30:00,172.12005332112312,0.2800542116165161,7.0,5.0
1984-12-02 21:30:00,170.0245775282383,0.2750500738620758,7.0,5.0
1984-12-02 22:30:00,167.6962710916996,0.27089887857437134,7.0,5.0
1984-12-02 23:30:00,165.42617231607437,0.2680903971195221,7.0,5.0
1984-12-03 00:30:00,163.56352716684341,0.2667466104030609,7.0,5.0
1984-12-03 01:30:00,162.1665575157749,0.2668677270412445,7.0,5.0
1984-12-03 02:30:00,161.52627324572677,0.26760169863700867,7.0,5.0
1984-12-03 03:30:00,161.52627324572677,0.26869940757751465,7.0,5.0
1984-12-03 04:30:00,161.7009104393219,0.26991939544677734,7.0,5.0
1984-12-03 05:30:00,161.8755334220623,0.27114006876945496,7.0,5.0
1984-12-03 06:30:00,161.642674356699,0.2725989818572998,7.0,5.0
1984-12-03 07:30:00,158.90691429376602,0.2736983299255371,7.0,5.0
1984-12-03 08:30:00,151.33991837501526,0.2734561860561371,7.0,5.0
1984-12-03 09:30:00,147.90566638112068,0.2721138000488281,7.0,5.0
1984-12-03 10:30:00,146.85792848467827,0.2699172794818878,7.0,5.0
1984-12-03 11:30:00,145.63556760549545,0.26711052656173706,7.0,5.0
1984-12-03 12:30:00,144.1221684217453,0.2641803026199341,7.0,5.0
1984-12-03 13:30:00,143.01622286438942,0.2614937424659729,7.0,5.0
1984-12-03 14:30:00,142.95801520347595,0.25844141840934753,7.0,5.0
1984-12-03 15:30:00,143.54009181261063,0.2553885877132416,7.0,5.0
1984-12-03 16:30:00,144.00575309991837,0.25282466411590576,7.0,5.0
1984-12-03 17:30:00,144.18037608265877,0.25123685598373413,7.0,5.0
1984-12-03 18:30:00,143.88933777809143,0.2502595782279968,7.0,5.0
1984-12-03 19:30:00,143.5982994735241,0.24977107346057892,7.0,5.0
1984-12-03 20:30:00,143.4236764907837,0.2501373887062073,7.0,5.0
1984-12-03 21:30:00,143.2490535080433,0.2506258189678192,7.0,5.0
1984-12-03 22:30:00,142.95801520347595,0.2512364685535431,7.0,5.0
1984-12-03 23:30:00,142.60876923799515,0.25123703479766846,7.0,5.0
1984-12-04 00:30:00,142.1431079506874,0.249833345413208,7.0,5.0
1984-12-04 01:30:00,141.67746087423438,0.2470267117023468,7.0,5.0
1984-12-04 02:30:00,141.15359192601318,0.2431820183992386,7.0,5.0
1984-12-04 03:30:00,140.68793063870544,0.23903165757656097,7.0,5.0
1984-12-04 04:30:00,140.10585402957076,0.23579682409763336,7.0,5.0
1984-12-04 05:30:00,139.46556975952262,0.23445473611354828,7.0,5.0
1984-12-04 06:30:00,138.65064829587936,0.23573645949363708,7.0,5.0
1984-12-04 07:30:00,136.2641341984272,0.24037516117095947,7.0,5.0
1984-12-04 08:30:00,126.65987014770508,0.24617406725883484,7.0,5.0
1984-12-04 09:30:00,119.32570487260818,0.2505064904689789,7.0,5.0
1984-12-04 10:30:00,116.61904864013195,0.25087326765060425,7.0,5.0
1984-12-04 11:30:00,115.42579159140587,0.24812692403793335,7.0,5.0
1984-12-04 12:30:00,115.16385711729527,0.24391581118106842,7.0,5.0
1984-12-04 13:30:00,115.16385711729527,0.23909369111061096,7.0,5.0
1984-12-04 14:30:00,115.1056494563818,0.23372292518615723,7.0,5.0
1984-12-04 15:30:00,111.08932085335255,0.2170000523328781,7.0,5.0
1984-12-04 16:30:00,110.91469787061214,0.211811825633049,7.0,5.0
1984-12-04 17:30:00,109.77964848279953,0.20668505132198334,7.0,5.0
1984-12-04 18:30:00,108.17893780767918,0.20210759341716766,7.0,5.0
1984-12-04 19:30:00,106.66553862392902,0.19789575040340424,7.0,5.0
1984-12-04 20:30:00,105.47228157520294,0.1943555474281311,7.0,5.0
1984-12-04 21:30:00,104.54095900058746,0.1920972466468811,7.0,5.0
1984-12-04 22:30:00,103.69695502276954,0.19197511672973633,7.0,5.0
1984-12-04 23:30:00,102.99847019723529,0.19404995441436768,7.0,5.0
1984-12-05 00:30:00,102.4163793772459,0.1962466835975647,7.0,5.0
1984-12-05 01:30:00,102.09623724222183,0.19716180860996246,7.0,5.0
1984-12-05 02:30:00,102.03802958130836,0.19783300161361694,7.0,5.0
1984-12-05 03:30:00,102.15445200856266,0.20039649307727814,7.0,5.0
1984-12-05 04:30:00,102.24177060536022,0.20393632352352142,7.0,5.0
1984-12-05 05:30:00,102.2126809857582,0.20662179589271545,7.0,5.0
1984-12-05 06:30:00,102.00892575085163,0.20698559284210205,7.0,5.0
1984-12-05 07:30:00,100.32090358436108,0.20423917472362518,7.0,5.0
1984-12-05 08:30:00,97.526942965942,0.19856326282024384,7.0,5.0
1984-12-05 09:30:00,101.25222615897655,0.19178958237171173,7.0,5.0
1984-12-05 10:30:00,105.61780072748661,0.18519894778728485,7.0,5.0
1984-12-05 11:30:00,108.87742973864079,0.1805606186389923,7.0,5.0
1984-12-05 12:30:00,109.72144082188606,0.17769087851047516,7.0,5.0
1984-12-05 13:30:00,109.95427146553993,0.1761656403541565,7.0,5.0
1984-12-05 14:30:00,110.4781475191885,0.17543447017669678,7.0,5.0
1984-12-05 15:30:00,72.73047231137753,0.11858058720827103,7.0,5.0
1984-12-05 16:30:00,72.43944111223755,0.11790914088487625,7.0,5.0
1984-12-05 17:30:00,71.71185245624656,0.11674923449754715,7.0,5.0
1984-12-05 18:30:00,71.01334631443024,0.11592530459165573,7.0,5.0
1984-12-05 19:30:00,70.66410034894943,0.11677999794483185,7.0,5.0
1984-12-05 20:30:00,70.78051567077637,0.11989307403564453,7.0,5.0
1984-12-05 21:30:00,71.36260649076576,0.12370796501636505,7.0,5.0
1984-12-05 22:30:00,72.4976843002878,0.1264839619398117,7.0,5.0
1984-12-05 23:30:00,74.47675898220041,0.12837542593479156,7.0,5.0
1984-12-06 00:30:00,77.73646615305552,0.13008438050746918,7.0,5.0
1984-12-06 01:30:00,82.24758829555867,0.13240346312522888,7.0,5.0
1984-12-06 02:30:00,88.03929318901282,0.13679732382297516,7.0,5.0
1984-12-06 03:30:00,94.84983110041867,0.14399918913841248,7.0,5.0
1984-12-06 04:30:00,102.1258384525936,0.15278753638267517,7.0,5.0
1984-12-06 05:30:00,109.48912176900194,0.16017290949821472,7.0,5.0
1984-12-06 06:30:00,116.70692856569076,0.16420112550258636,7.0,5.0
1984-12-06 07:30:00,122.0620760022939,0.164933979511261,7.0,5.0
1984-12-06 08:30:00,119.6173826656377,0.1648736149072647,7.0,5.0
1984-12-06 09:30:00,110.88629037203646,0.16463010013103485,7.0,5.0
1984-12-06 10:30:00,111.49748502248258,0.16420358419418335,7.0,5.0
1984-12-06 11:30:00,113.91311716124619,0.16469252109527588,7.0,5.0
1984-12-06 12:30:00,114.8153074836955,0.16774459183216095,7.0,5.0
1984-12-06 13:30:00,114.6697101717109,0.17348170280456543,7.0,5.0
1984-12-06 14:30:00,116.09571259896256,0.18019556999206543,7.0,5.0
1984-12-06 15:30:00,117.46352157615547,0.18532195687294006,7.0,5.0
1984-12-06 16:30:00,119.85000014647085,0.18806807696819305,7.0,5.0
1984-12-06 17:30:00,121.01416757559491,0.18904376029968262,7.0,5.0
1984-12-06 18:30:00,121.0723894473631,0.18892064690589905,7.0,5.0
1984-12-06 19:30:00,120.5485347099966,0.18855401873588562,7.0,5.0
1984-12-06 20:30:00,119.6754340071493,0.18867617845535278,7.0,5.0
1984-12-06 21:30:00,118.685896666193,0.18965208530426025,7.0,5.0
1984-12-06 22:30:00,118.13290257123299,0.19148409366607666,7.0,5.0
1984-12-06 23:30:00,118.5693747629557,0.19404782354831696,7.0,5.0
1984-12-07 00:30:00,120.4901991513907,0.19777026772499084,7.0,5.0
1984-12-07 01:30:00,124.33193319338898,0.2038743942975998,7.0,5.0
1984-12-07 02:30:00,130.15281297157344,0.2128472924232483,7.0,5.0
1984-12-07 03:30:00,137.7198088903242,0.22365078330039978,7.0,5.0
1984-12-07 04:30:00,146.39275036643085,0.23500396311283112,7.0,5.0
1984-12-07 05:30:00,155.41496622972772,0.2445257008075714,7.0,5.0
1984-12-07 06:30:00,164.26250226686534,0.25014156103134155,7.0,5.0
1984-12-07 07:30:00,170.14147601912555,0.25221773982048035,7.0,5.0
1984-12-07 08:30:00,161.4685203321642,0.2520962059497833,7.0,5.0
1984-12-07 09:30:00,140.86300836879673,0.25295010209083557,7.0,5.0
1984-12-07 10:30:00,145.4032201309019,0.2588091492652893,7.0,5.0
1984-12-07 11:30:00,151.74788359217928,0.2696736454963684,7.0,5.0
1984-12-07 12:30:00,155.24037166869675,0.28285738825798035,7.0,5.0
1984-12-07 13:30:00,158.0925754751661,0.2931112051010132,7.0,5.0
1984-12-07 14:30:00,161.75968653442396,0.2967730760574341,7.0,5.0
1984-12-07 15:30:00,165.48501946545002,0.2949419617652893,7.0,5.0
1984-12-07 16:30:00,169.21035239647608,0.289813369512558,7.0,5.0
1984-12-07 17:30:00,171.07302596741647,0.28407591581344604,7.0,5.0
1984-12-07 18:30:00,170.5491996517594,0.28126898407936096,7.0,5.0
1984-12-07 19:30:00,169.3850890660542,0.28212472796440125,7.0,5.0
1984-12-07 20:30:00,167.87174672572291,0.2854209840297699,7.0,5.0
1984-12-07 21:30:00,166.24107956886292,0.28969377279281616,7.0,5.0
1984-12-07 22:30:00,164.78588804602623,0.2949431538581848,7.0,5.0
1984-12-07 23:30:00,163.85457968226547,0.30068066716194153,7.0,5.0
1984-12-08 00:30:00,163.85457968226547,0.3066626787185669,7.0,5.0
1984-12-08 01:30:00,164.7277230176769,0.3130117654800415,7.0,5.0
1984-12-08 02:30:00,166.59036816690787,0.3202145993709564,7.0,5.0
1984-12-08 03:30:00,169.4425719733772,0.32851555943489075,7.0,5.0
1984-12-08 04:30:00,173.86636841365544,0.33803752064704895,7.0,5.0
1984-12-08 05:30:00,179.5707618157394,0.3460945188999176,7.0,5.0
1984-12-08 06:30:00,185.85706129670143,0.34987911581993103,7.0,5.0
1984-12-08 07:30:00,190.16442820429802,0.349026620388031,7.0,5.0
1984-12-08 08:30:00,183.35413187742233,0.34475404024124146,7.0,5.0
1984-12-08 09:30:00,179.33780327439308,0.33987176418304443,7.0,5.0
1984-12-08 10:30:00,181.4915009390461,0.335844486951828,7.0,5.0
1984-12-08 11:30:00,182.5974607072567,0.33291494846343994,7.0,5.0
1984-12-08 12:30:00,184.34366211295128,0.3304736912250519,7.0,5.0
1984-12-08 13:30:00,187.8943294286728,0.32839852571487427,7.0,5.0
1984-12-08 14:30:00,192.25990399718285,0.32607904076576233,7.0,5.0
1984-12-08 15:30:00,194.646418094635,0.3225384056568146,7.0,5.0
1984-12-08 16:30:00,198.72095435857773,0.3189975321292877,7.0,5.0
1984-12-08 17:30:00,201.74775272607803,0.3166780173778534,7.0,5.0
1984-12-08 18:30:00,204.71634343266487,0.31582269072532654,7.0,5.0
1984-12-08 19:30:00,208.26701074838638,0.3158220946788788,7.0,5.0
1984-12-08 20:30:00,212.3415470123291,0.31618785858154297,7.0,5.0
1984-12-08 21:30:00,216.59070625901222,0.3166758418083191,7.0,5.0
1984-12-08 22:30:00,220.60703486204147,0.31911706924438477,7.0,5.0
1984-12-08 23:30:00,223.98307919502258,0.3253423571586609,7.0,5.0
1984-12-09 00:30:00,226.77706112972373,0.33400917053222656,7.0,5.0
1984-12-09 01:30:00,229.45461353174323,0.3446291387081146,7.0,5.0
1984-12-09 02:30:00,232.539619560157,0.3573243319988251,7.0,5.0
1984-12-09 03:30:00,236.38136781301,0.3720948398113251,7.0,5.0
1984-12-09 04:30:00,241.79468027796247,0.38772013783454895,7.0,5.0
1984-12-09 05:30:00,249.36170461842266,0.40297967195510864,7.0,5.0
1984-12-09 06:30:00,259.02409106492996,0.4162864685058594,7.0,5.0
1984-12-09 07:30:00,267.05674827098846,0.4248325526714325,7.0,5.0
1984-12-09 08:30:00,264.8448571562767,0.42483311891555786,7.0,5.0
1984-12-09 09:30:00,279.1639417409897,0.416166752576828,7.0,5.0
1984-12-09 10:30:00,297.9068085551262,0.4024941027164459,7.0,5.0
1984-12-09 11:30:00,308.15135687589645,0.38955408334732056,7.0,5.0
1984-12-09 12:30:00,311.41098588705063,0.381495863199234,7.0,5.0
1984-12-09 13:30:00,310.2468610904907,0.3756369352340698,7.0,5.0
1984-12-09 14:30:00,307.5693086884712,0.36904406547546387,7.0,5.0
1984-12-09 15:30:00,305.5902197957039,0.36013075709342957,7.0,5.0
1984-12-09 16:30:00,305.82305043935776,0.3507295250892639,7.0,5.0
1984-12-09 17:30:00,310.47966331243515,0.34438028931617737,7.0,5.0
1984-12-09 18:30:00,318.7451511621475,0.3443785309791565,7.0,5.0
1984-12-09 19:30:00,331.0851752758026,0.3527994453907013,7.0,5.0
1984-12-09 20:30:00,348.0818122625351,0.37086454033851624,7.0,5.0
1984-12-09 21:30:00,369.61864680051804,0.3967430889606476,7.0,5.0
1984-12-09 22:30:00,394.1822797060013,0.42530831694602966,7.0,5.0
1984-12-09 23:30:00,419.3279892206192,0.4514331519603729,7.0,5.0
1984-12-10 00:30:00,442.1453922986984,0.4719434380531311,7.0,5.0
1984-12-10 01:30:00,461.4703357219696,0.48988935351371765,7.0,5.0
1984-12-10 02:30:00,477.5356501340866,0.5085687637329102,7.0,5.0
1984-12-10 03:30:00,490.8069968223572,0.5295677781105042,7.0,5.0
1984-12-10 04:30:00,500.8187144994736,0.5542264580726624,7.0,5.0
1984-12-10 05:30:00,507.5708031654358,0.579616904258728,7.0,5.0
1984-12-10 06:30:00,512.460246682167,0.6006132364273071,7.0,5.0
1984-12-10 07:30:00,512.9259648128937,0.6128207445144653,7.0,5.0
1984-12-10 08:30:00,497.55914233173826,0.6103798151016235,7.0,5.0
1984-12-10 09:30:00,490.34133553504944,0.5918256044387817,7.0,5.0
1984-12-10 10:30:00,487.08170652389526,0.5669238567352295,7.0,5.0
1984-12-10 11:30:00,477.76853762115934,0.5422663688659668,7.0,5.0
1984-12-10 12:30:00,467.98959374427795,0.5212708711624146,7.0,5.0
1984-12-10 13:30:00,459.25844460725784,0.5049136281013489,7.0,5.0
1984-12-10 14:30:00,451.92427933216095,0.4931948781013489,7.0,5.0
1984-12-10 15:30:00,446.1035132408142,0.4837951362133026,7.0,5.0
1984-12-10 16:30:00,440.9812390804291,0.4757383167743683,7.0,5.0
1984-12-10 17:30:00,438.6529326438904,0.4696355164051056,7.0,5.0
1984-12-10 18:30:00,437.60519474744797,0.4651193618774414,7.0,5.0
1984-12-10 19:30:00,437.3723641037941,0.4631652235984802,7.0,5.0
1984-12-10 20:30:00,439.351424574852,0.4654841721057892,7.0,5.0
1984-12-10 21:30:00,444.1244527697563,0.4725649654865265,7.0,5.0
1984-12-10 22:30:00,451.1093720793724,0.4823303818702698,7.0,5.0
1984-12-10 23:30:00,458.90919864177704,0.49478232860565186,7.0,5.0
1984-12-11 00:30:00,466.70902520418167,0.5117506384849548,7.0,5.0
1984-12-11 01:30:00,473.8103598356247,0.5334793925285339,7.0,5.0
1984-12-11 02:30:00,479.1654646396637,0.5581381320953369,7.0,5.0
1984-12-11 03:30:00,481.72660171985626,0.5803560614585876,7.0,5.0
1984-12-11 04:30:00,481.02810978889465,0.5952495336532593,7.0,5.0
1984-12-11 05:30:00,477.07004569019773,0.6025740504264832,7.0,5.0
1984-12-11 06:30:00,470.0850695371628,0.6050147414207458,7.0,5.0
1984-12-11 07:30:00,460.65542846918106,0.6052601933479309,7.0,5.0
1984-12-11 08:30:00,440.6319931149483,0.5996453762054443,7.0,5.0
1984-12-11 09:30:00,435.85896492004395,0.5849916934967041,7.0,5.0
1984-12-11 10:30:00,443.7752068042755,0.5649726390838623,7.0,5.0
1984-12-11 11:30:00,442.96029955148697,0.5447098016738892,7.0,5.0
1984-12-11 12:30:00,439.23500925302505,0.5305503606796265,7.0,5.0
1984-12-11 13:30:00,433.6470738053322,0.5202952027320862,7.0,5.0
1984-12-11 14:30:00,425.2651706337929,0.5112622976303101,7.0,5.0
1984-12-11 15:30:00,416.18477553129196,0.5019848942756653,7.0,5.0
1984-12-11 16:30:00,408.15211832523346,0.49038711190223694,7.0,5.0
1984-12-11 17:30:00,402.79701352119446,0.4770812690258026,7.0,5.0
1984-12-11 18:30:00,398.14040064811707,0.4629221260547638,7.0,5.0
1984-12-11 19:30:00,393.9494490623474,0.4502262771129608,7.0,5.0
1984-12-11 20:30:00,391.38831198215485,0.4426553249359131,7.0,5.0
1984-12-11 21:30:00,391.38831198215485,0.44290149211883545,7.0,5.0
1984-12-11 22:30:00,393.9494490623474,0.4508384168148041,7.0,5.0
1984-12-11 23:30:00,396.9762474298477,0.4656081795692444,7.0,5.0
1984-12-12 00:30:00,398.256815969944,0.4833100736141205,7.0,5.0
1984-12-12 01:30:00,399.1881385445595,0.49905726313591003,7.0,5.0
1984-12-12 02:30:00,401.5164734028076,0.5083354115486145,7.0,5.0
1984-12-12 03:30:00,407.220795750618,0.516393780708313,7.0,5.0
1984-12-12 04:30:00,419.3279892206192,0.5364150404930115,7.0,5.0
1984-12-12 05:30:00,438.6529326438904,0.5703511834144592,7.0,5.0
1984-12-12 06:30:00,462.0524123311043,0.5935181975364685,7.0,5.0
1984-12-12 07:30:00,473.34469854831696,0.5871726274490356,7.0,5.0
1984-12-12 08:30:00,456.8137228488922,0.568865954875946,7.0,5.0
1984-12-12 09:30:00,441.91256165504456,0.5576398968696594,7.0,5.0
1984-12-12 10:30:00,423.7517714500427,0.5439709424972534,7.0,5.0
1984-12-12 11:30:00,405.35817902309645,0.5156509280204773,7.0,5.0
1984-12-12 12:30:00,388.71075958013535,0.48147350549697876,7.0,5.0
1984-12-12 13:30:00,375.7886588573456,0.45742592215538025,7.0,5.0
1984-12-12 14:30:00,368.1052476167679,0.44448813796043396,7.0,5.0
1984-12-12 15:30:00,363.2158041000366,0.43386968970298767,7.0,5.0
1984-12-12 16:30:00,362.517312169075,0.4276461899280548,7.0,5.0
1984-12-12 17:30:00,367.872416973114,0.43106338381767273,7.0,5.0
1984-12-12 18:30:00,379.39753383398056,0.4393647611141205,7.0,5.0
1984-12-12 19:30:00,396.39417082071304,0.4480302631855011,7.0,5.0
1984-12-12 20:30:00,416.06838863117446,0.4562067985534668,7.0,5.0
1984-12-12 21:30:00,433.18141251802444,0.46316418051719666,7.0,5.0
1984-12-12 22:30:00,443.8916789695213,0.46841439604759216,7.0,5.0
1984-12-12 23:30:00,447.96632892030175,0.47317418456077576,7.0,5.0
1984-12-13 00:30:00,448.7813214382186,0.47939765453338623,7.0,5.0
1984-12-13 01:30:00,449.47995547772734,0.49001744389533997,7.0,5.0
1984-12-13 02:30:00,450.7604955961142,0.5061312317848206,7.0,5.0
1984-12-13 03:30:00,451.22578740119934,0.5239543318748474,7.0,5.0
1984-12-13 04:30:00,450.4108801484108,0.5368940830230713,7.0,5.0
1984-12-13 05:30:00,448.0825737118721,0.5403121709823608,7.0,5.0
1984-12-13 06:30:00,443.4259608387947,0.5307886600494385,7.0,5.0
1984-12-13 07:30:00,432.0172592997551,0.4963643252849579,7.0,5.0
1984-12-13 08:30:00,407.5700417160988,0.4546150267124176,7.0,5.0
1984-12-13 09:30:00,397.6747393608093,0.44277408719062805,7.0,5.0
1984-12-13 10:30:00,427.7098923921585,0.4576663672924042,7.0,5.0
1984-12-13 11:30:00,461.4703357219696,0.4804922640323639,7.0,5.0
1984-12-13 12:30:00,481.72660171985626,0.49782678484916687,7.0,5.0
1984-12-13 13:30:00,493.8337951898575,0.5083248019218445,7.0,5.0
1984-12-13 14:30:00,500.8187144994736,0.5122296214103699,7.0,5.0
1984-12-13 15:30:00,339.93273973464966,0.3835650086402893,7.0,5.0
1984-12-13 16:30:00,349.3624092243408,0.3946731388568878,7.0,5.0
1984-12-13 17:30:00,363.21591778687434,0.4050500988960266,7.0,5.0
1984-12-13 18:30:00,383.9379871806159,0.41274023056030273,7.0,5.0
1984-12-13 19:30:00,410.3642652353301,0.41603755950927734,7.0,5.0
1984-12-13 20:30:00,437.6055073862517,0.41249969601631165,7.0,5.0
1984-12-13 21:30:00,463.4493961930275,0.40065863728523254,7.0,5.0
1984-12-13 22:30:00,485.4518920183182,0.38356736302375793,7.0,5.0
1984-12-13 23:30:00,499.88744876827695,0.36562252044677734,7.0,5.0
1984-12-14 00:30:00,505.2424967288971,0.35085052251815796,7.0,5.0
1984-12-14 01:30:00,503.14702093601227,0.3421832025051117,7.0,5.0
1984-12-14 02:30:00,494.9980052515457,0.3413291573524475,7.0,5.0
1984-12-14 03:30:00,484.2877388000488,0.34645718336105347,7.0,5.0
1984-12-14 04:30:00,472.52981971723784,0.35353797674179077,7.0,5.0
1984-12-14 05:30:00,461.23761876515346,0.3595203459262848,7.0,5.0
1984-12-14 06:30:00,451.1093720793724,0.36281582713127136,7.0,5.0
1984-12-14 07:30:00,439.0021786093712,0.3636701703071594,7.0,5.0
1984-12-14 08:30:00,414.322130382061,0.3619607985019684,7.0,5.0
1984-12-14 09:30:00,384.2869773507118,0.36134979128837585,7.0,5.0
1984-12-14 10:30:00,355.4160059593414,0.36354631185531616,7.0,5.0
1984-12-14 11:30:00,328.75689726097335,0.3654991090297699,7.0,5.0
1984-12-14 12:30:00,308.61707500662305,0.36342373490333557,7.0,5.0
1984-12-14 13:30:00,294.8800954527542,0.357320100069046,7.0,5.0
1984-12-14 14:30:00,287.3131563774223,0.3491412401199341,7.0,5.0
1984-12-14 15:30:00,229.6874299645424,0.27785205841064453,7.0,5.0
1984-12-14 16:30:00,227.3591235280037,0.2717471122741699,7.0,5.0
1984-12-14 17:30:00,227.41733118891716,0.26881757378578186,7.0,5.0
1984-12-14 18:30:00,229.512806981802,0.26991501450538635,7.0,5.0
1984-12-14 19:30:00,234.98432710766792,0.27540838718414307,7.0,5.0
1984-12-14 20:30:00,247.1497282385826,0.2863944172859192,7.0,5.0
1984-12-14 21:30:00,267.98807084560394,0.3027520477771759,7.0,5.0
1984-12-14 22:30:00,296.16057872772217,0.3221622109413147,7.0,5.0
1984-12-14 23:30:00,327.9419900081848,0.34096309542655945,7.0,5.0
1984-12-15 00:30:00,358.2100305266067,0.35732147097587585,7.0,5.0
1984-12-15 01:30:00,381.02746202639537,0.3712383210659027,7.0,5.0
1984-12-15 02:30:00,395.8122363201255,0.3845450282096863,7.0,5.0
1984-12-15 03:30:00,403.9615362216864,0.39760616421699524,7.0,5.0
1984-12-15 04:30:00,407.10474991101364,0.40700584650039673,7.0,5.0
1984-12-15 05:30:00,407.91971400722105,0.4100576937198639,7.0,5.0
1984-12-15 06:30:00,408.15211832523346,0.4051748514175415,7.0,5.0
1984-12-15 07:30:00,405.5910096667503,0.3917471468448639,7.0,5.0
1984-12-15 08:30:00,389.29297829781717,0.3713611364364624,7.0,5.0
1984-12-15 09:30:00,366.35901778936386,0.3521890938282013,7.0,5.0
1984-12-15 10:30:00,350.060872733593,0.34291625022888184,7.0,5.0
1984-12-15 11:30:00,329.92102205753326,0.3397468030452728,7.0,5.0
1984-12-15 12:30:00,311.2945705652237,0.3363296389579773,7.0,5.0
1984-12-15 13:30:00,296.97551440222014,0.3302263021469116,7.0,5.0
1984-12-15 14:30:00,286.26533321585157,0.3220478594303131,7.0,5.0
1984-12-15 15:30:00,278.4654782317375,0.3132585287094116,7.0,5.0
1984-12-15 16:30:00,272.8775996274635,0.30568912625312805,7.0,5.0
1984-12-15 17:30:00,270.89859599982447,0.29995155334472656,7.0,5.0
1984-12-15 18:30:00,270.31637728214264,0.2955576777458191,7.0,5.0
1984-12-15 19:30:00,270.20001880373457,0.2916531264781952,7.0,5.0
1984-12-15 20:30:00,270.31640570385207,0.28701508045196533,7.0,5.0
1984-12-15 21:30:00,271.5970310873672,0.28200817108154297,7.0,5.0
1984-12-15 22:30:00,274.74024477669445,0.2773703336715698,7.0,5.0
1984-12-15 23:30:00,279.1641406929557,0.2749299108982086,7.0,5.0
1984-12-16 00:30:00,284.28644327505026,0.27688366174697876,7.0,5.0
1984-12-16 01:30:00,289.52533170922834,0.2853071987628937,7.0,5.0
1984-12-16 02:30:00,293.8327838819532,0.300200492143631,7.0,5.0
1984-12-16 03:30:00,297.32549933214614,0.319977343082428,7.0,5.0
1984-12-16 04:30:00,299.65411840748857,0.3403658866882324,7.0,5.0
1984-12-16 05:30:00,300.9347437910037,0.35830551385879517,7.0,5.0
1984-12-16 06:30:00,302.9126673936844,0.37038856744766235,7.0,5.0
1984-12-16 07:30:00,303.9604052901268,0.3742942810058594,7.0,5.0
1984-12-16 08:30:00,293.8322722911835,0.37173426151275635,7.0,5.0
1984-12-16 09:30:00,295.2292561531067,0.368681937456131,7.0,5.0
1984-12-16 10:30:00,315.2526915073395,0.3683183789253235,7.0,5.0
1984-12-16 11:30:00,328.52403819561005,0.3711223304271698,7.0,5.0
1984-12-16 12:30:00,333.6463123559952,0.3763693571090698,7.0,5.0
1984-12-16 13:30:00,334.1119736433029,0.3805164396762848,7.0,5.0
1984-12-16 14:30:00,332.59857445955276,0.38014888763427734,7.0,5.0
1984-12-16 15:30:00,331.20159059762955,0.37453389167785645,7.0,5.0
1984-12-16 16:30:00,330.7359293103218,0.36623427271842957,7.0,5.0
1984-12-16 17:30:00,333.18067949039687,0.3597671389579773,7.0,5.0
1984-12-16 18:30:00,337.3716026544571,0.35757672786712646,7.0,5.0
1984-12-16 19:30:00,342.7267074584961,0.35830679535865784,7.0,5.0
1984-12-16 20:30:00,348.89671951532364,0.35977011919021606,7.0,5.0
1984-12-16 21:30:00,355.99805414676666,0.36147817969322205,7.0,5.0
1984-12-16 22:30:00,364.1471266746521,0.3658759593963623,7.0,5.0
1984-12-16 23:30:00,372.64544516801834,0.37564709782600403,7.0,5.0
1984-12-17 00:30:00,380.09602576494217,0.3909054100513458,7.0,5.0
1984-12-17 01:30:00,385.45113056898117,0.41141214966773987,7.0,5.0
1984-12-17 02:30:00,387.5466347835754,0.43228551745414734,7.0,5.0
1984-12-17 03:30:00,384.1705904505943,0.44888776540756226,7.0,5.0
1984-12-17 04:30:00,378.58265500290145,0.4566987156867981,7.0,5.0
1984-12-17 05:30:00,373.6932114861702,0.45461827516555786,7.0,5.0
1984-12-17 06:30:00,370.3171671531891,0.4468105435371399,7.0,5.0
1984-12-17 07:30:00,365.7769696019386,0.43766018748283386,7.0,5.0
1984-12-17 08:30:00,350.6429777644371,0.42960044741630554,7.0,5.0
1984-12-17 09:30:00,343.8909175201843,0.42398494482040405,7.0,5.0
1984-12-17 10:30:00,361.35332948106225,0.4233759045600891,7.0,5.0
1984-12-17 11:30:00,357.977540943466,0.42557400465011597,7.0,5.0
1984-12-17 12:30:00,349.01347589766374,0.42691880464553833,7.0,5.0
1984-12-17 13:30:00,341.44645155720355,0.4255746006965637,7.0,5.0
1984-12-17 14:30:00,335.50927014402987,0.4214215576648712,7.0,5.0
1984-12-17 15:30:00,329.57214557427505,0.41422075033187866,7.0,5.0
1984-12-17 16:30:00,324.45009878756537,0.40384411811828613,7.0,5.0
1984-12-17 17:30:00,324.68312838318525,0.3916366398334503,7.0,5.0
1984-12-17 18:30:00,326.7789168148738,0.37808412313461304,7.0,5.0
1984-12-17 19:30:00,328.99089319471386,0.3631913661956787,7.0,5.0
1984-12-17 20:30:00,330.3878770566371,0.3473239243030548,7.0,5.0
1984-12-17 21:30:00,330.6206792785815,0.3324328362941742,7.0,5.0
1984-12-17 22:30:00,330.38784863492765,0.3207142949104309,7.0,5.0
1984-12-17 23:30:00,329.9221873476199,0.31412267684936523,7.0,5.0
1984-12-18 00:30:00,330.15498956956435,0.31558528542518616,7.0,5.0
1984-12-18 01:30:00,331.784775653432,0.3287675976753235,7.0,5.0
1984-12-18 02:30:00,334.8115740209323,0.3535500764846802,7.0,5.0
1984-12-18 03:30:00,338.30318102445744,0.3815057575702667,7.0,5.0
1984-12-18 04:30:00,340.9807050047675,0.40469810366630554,7.0,5.0
1984-12-18 05:30:00,342.2614440751204,0.4216667115688324,7.0,5.0
1984-12-18 06:30:00,341.912027579383,0.432289719581604,7.0,5.0
1984-12-18 07:30:00,339.11831565092143,0.43851688504219055,7.0,5.0
1984-12-18 08:30:00,326.31285762363405,0.44327837228775024,7.0,5.0
1984-12-18 09:30:00,325.84648579359055,0.44728776812553406,7.0,5.0
1984-12-18 10:30:00,342.26104617118835,0.4518054127693176,7.0,5.0
1984-12-18 11:30:00,344.4729372859001,0.4551022946834564,7.0,5.0
1984-12-18 12:30:00,342.84312278032303,0.45510345697402954,7.0,5.0
1984-12-18 13:30:00,341.3297235965729,0.4510772228240967,7.0,5.0
1984-12-18 14:30:00,340.7476469874382,0.4450986385345459,7.0,5.0
1984-12-18 15:30:00,338.6521711945534,0.438021719455719,7.0,5.0
1984-12-18 16:30:00,337.83726394176483,0.4309469163417816,7.0,5.0
1984-12-18 17:30:00,338.7685865163803,0.4238686263561249,7.0,5.0
1984-12-18 18:30:00,341.91180020570755,0.41788896918296814,7.0,5.0
1984-12-18 19:30:00,347.61615097522736,0.4138614237308502,7.0,5.0
1984-12-18 20:30:00,356.4637154340744,0.411419540643692,7.0,5.0
1984-12-18 21:30:00,367.872416973114,0.41031789779663086,7.0,5.0
1984-12-18 22:30:00,380.5616870522499,0.41104936599731445,7.0,5.0
1984-12-18 23:30:00,393.4837877750397,0.413734495639801,7.0,5.0
1984-12-19 00:30:00,405.9402272105217,0.41910672187805176,7.0,5.0
1984-12-19 01:30:00,417.3489287495613,0.42716464400291443,7.0,5.0
1984-12-19 02:30:00,427.24423110485077,0.4370526075363159,7.0,5.0
1984-12-19 03:30:00,434.6948117017746,0.4484034776687622,7.0,5.0
1984-12-19 04:30:00,437.7216100692749,0.46109625697135925,7.0,5.0
1984-12-19 05:30:00,435.0440576672554,0.4725682735443115,7.0,5.0
1984-12-19 06:30:00,427.0114004611969,0.4809897840023041,7.0,5.0
1984-12-19 07:30:00,414.322130382061,0.4814789891242981,7.0,5.0
1984-12-19 08:30:00,392.66888052225113,0.4736682176589966,7.0,5.0
1984-12-19 09:30:00,390.45698940753937,0.45902058482170105,7.0,5.0
1984-12-19 10:30:00,407.10438042879105,0.44534677267074585,7.0,5.0
1984-12-19 11:30:00,410.82967072725296,0.43656328320503235,7.0,5.0
1984-12-19 12:30:00,409.8983481526375,0.43167808651924133,7.0,5.0
1984-12-19 13:30:00,407.6864570379257,0.42849987745285034,7.0,5.0
1984-12-19 14:30:00,404.77607399225235,0.4272800385951996,7.0,5.0
1984-12-19 15:30:00,402.09852159023285,0.4288705289363861,7.0,5.0
1984-12-19 16:30:00,399.3045538663864,0.43314313888549805,7.0,5.0
1984-12-19 17:30:00,400.11946111917496,0.4381495714187622,7.0,5.0
1984-12-19 18:30:00,401.40002965927124,0.43998125195503235,7.0,5.0
1984-12-19 19:30:00,400.81795305013657,0.4374179542064667,7.0,5.0
1984-12-19 20:30:00,397.5583240389824,0.4319266080856323,7.0,5.0
1984-12-19 21:30:00,392.66888052225113,0.42423638701438904,7.0,5.0
1984-12-19 22:30:00,387.77943700551987,0.41581350564956665,7.0,5.0
1984-12-19 23:30:00,383.4720700979233,0.4077581465244293,7.0,5.0
1984-12-20 00:30:00,379.8631951212883,0.39933547377586365,7.0,5.0
1984-12-20 01:30:00,377.06922739744186,0.39079049229621887,7.0,5.0
1984-12-20 02:30:00,375.090166926384,0.38310015201568604,7.0,5.0
1984-12-20 03:30:00,373.4603524208069,0.3760184347629547,7.0,5.0
1984-12-20 04:30:00,372.0633969805931,0.37040239572525024,7.0,5.0
1984-12-20 05:30:00,370.54999779684294,0.3680799901485443,7.0,5.0
1984-12-20 06:30:00,369.5022314786911,0.37125369906425476,7.0,5.0
1984-12-20 07:30:00,366.4754331111908,0.3785756826400757,7.0,5.0
1984-12-20 08:30:00,350.4101471207832,0.38480180501937866,7.0,5.0
1984-12-20 09:30:00,339.8163244128227,0.38613441586494446,7.0,5.0
1984-12-20 10:30:00,338.0700945854187,0.38491588830947876,7.0,5.0
1984-12-20 11:30:00,336.90594136714935,0.3844321370124817,7.0,5.0
1984-12-20 12:30:00,332.3657438158989,0.3850448727607727,7.0,5.0
1984-12-20 13:30:00,327.24346965551376,0.3863871395587921,7.0,5.0
1984-12-20 14:30:00,324.1002559661865,0.38821884989738464,7.0,5.0
1984-12-20 15:30:00,318.5123489402031,0.3895609676837921,7.0,5.0
1984-12-20 16:30:00,311.9930624961853,0.38895291090011597,7.0,5.0
1984-12-20 17:30:00,310.7125507995079,0.3894418776035309,7.0,5.0
1984-12-20 18:30:00,310.5960786342621,0.3920053243637085,7.0,5.0
1984-12-20 19:30:00,310.36327641231765,0.39396101236343384,7.0,5.0
1984-12-20 20:30:00,309.89764354671934,0.3922528326511383,7.0,5.0
1984-12-20 21:30:00,309.08270787222136,0.3868834376335144,7.0,5.0
1984-12-20 22:30:00,308.03505524090724,0.37797045707702637,7.0,5.0
1984-12-20 23:30:00,307.10381793142005,0.36539557576179504,7.0,5.0
1984-12-21 00:30:00,306.5217697439948,0.35147833824157715,7.0,5.0
1984-12-21 01:30:00,306.2890812088881,0.34024736285209656,7.0,5.0
1984-12-21 02:30:00,306.63846928291605,0.333045095205307,7.0,5.0
1984-12-21 03:30:00,307.220631157179,0.32889485359191895,7.0,5.0
1984-12-21 04:30:00,308.1519537317945,0.3270638585090637,7.0,5.0
1984-12-21 05:30:00,309.5489091720083,0.3298717737197876,7.0,5.0
1984-12-21 06:30:00,311.29511057770287,0.33939453959465027,7.0,5.0
1984-12-21 07:30:00,310.9458930339315,0.3534334897994995,7.0,5.0
1984-12-21 08:30:00,301.9819132532575,0.36600643396377563,7.0,5.0
1984-12-21 09:30:00,297.90734856760537,0.37430617213249207,7.0,5.0
1984-12-21 10:30:00,285.91654199772165,0.3795562982559204,7.0,5.0
1984-12-21 11:30:00,273.3436872404127,0.38272714614868164,7.0,5.0
1984-12-21 12:30:00,262.9826383326872,0.38491982221603394,7.0,5.0
1984-12-21 13:30:00,254.2514891956671,0.3857734203338623,7.0,5.0
1984-12-21 14:30:00,252.73811843362637,0.3868716359138489,7.0,5.0
1984-12-21 15:30:00,251.69038053718396,0.38760438561439514,7.0,5.0
1984-12-21 16:30:00,249.24568720052775,0.38540902733802795,7.0,5.0
1984-12-21 17:30:00,249.9442075531988,0.3801615834236145,7.0,5.0
1984-12-21 18:30:00,252.7381468553358,0.3745509386062622,7.0,5.0
1984-12-21 19:30:00,255.99777586648997,0.36930185556411743,7.0,5.0
1984-12-21 20:30:00,258.9081873338728,0.36320212483406067,7.0,5.0
1984-12-21 21:30:00,261.46935283577477,0.3567313849925995,7.0,5.0
1984-12-21 22:30:00,263.68124395048653,0.35062655806541443,7.0,5.0
1984-12-21 23:30:00,265.42747377789055,0.34476402401924133,7.0,5.0
1984-12-22 00:30:00,266.82451448323263,0.33743906021118164,7.0,5.0
1984-12-22 01:30:00,268.22149834515585,0.33011701703071594,7.0,5.0
1984-12-22 02:30:00,269.6184253636602,0.3247460722923279,7.0,5.0
1984-12-22 03:30:00,271.24784196530527,0.32144951820373535,7.0,5.0
1984-12-22 04:30:00,272.4121657138312,0.31974074244499207,7.0,5.0
1984-12-22 05:30:00,273.11068606650224,0.32059726119041443,7.0,5.0
1984-12-22 06:30:00,272.7611274622177,0.32279613614082336,7.0,5.0
1984-12-22 07:30:00,262.98232569388347,0.3229176104068756,7.0,5.0
1984-12-22 08:30:00,248.19777877382876,0.3216983675956726,7.0,5.0
1984-12-22 09:30:00,236.0902726650238,0.31802132725715637,7.0,5.0
1984-12-22 10:30:00,222.99354895949364,0.3106968402862549,7.0,5.0
1984-12-22 11:30:00,211.9923010468483,0.3019092082977295,7.0,5.0
1984-12-22 12:30:00,202.91190594434738,0.2944650948047638,7.0,5.0
1984-12-22 13:30:00,195.22849470376968,0.28689733147621155,7.0,5.0
1984-12-22 14:30:00,189.23310562968254,0.27957433462142944,7.0,5.0
1984-12-22 15:30:00,185.62423065304756,0.27395981550216675,7.0,5.0
1984-12-22 16:30:00,182.01535567641258,0.268224835395813,7.0,5.0
1984-12-22 17:30:00,179.80346456170082,0.2623653709888458,7.0,5.0
1984-12-22 18:30:00,177.00949683785439,0.25845804810523987,7.0,5.0
1984-12-22 19:30:00,171.53797671198845,0.25552311539649963,7.0,5.0
1984-12-22 20:30:00,162.45758160948753,0.25052040815353394,7.0,5.0
1984-12-22 21:30:00,150.05934983491898,0.2427075356245041,7.0,5.0
1984-12-22 22:30:00,136.55517250299454,0.23202826082706451,7.0,5.0
1984-12-22 23:30:00,122.11967259645462,0.22146858274936676,7.0,5.0
1984-12-23 00:30:00,106.9856807589531,0.2115810513496399,7.0,5.0
1984-12-23 01:30:00,93.24867278337479,0.2017563283443451,7.0,5.0
1984-12-23 02:30:00,82.62578177209434,0.19266299903392792,7.0,5.0
1984-12-23 03:30:00,75.58265480156479,0.18631698191165924,7.0,5.0
1984-12-23 04:30:00,71.15893652098748,0.18290162086486816,7.0,5.0
1984-12-23 05:30:00,68.42328303946488,0.18033944070339203,7.0,5.0
1984-12-23 06:30:00,66.67688268180427,0.17820270359516144,7.0,5.0
1984-12-23 07:30:00,70.40218008569354,0.1778363585472107,7.0,5.0
1984-12-23 08:30:00,88.65029599292029,0.17905758321285248,7.0,5.0
1984-12-23 09:30:00,105.70511221885681,0.1789368987083435,7.0,5.0
1984-12-23 10:30:00,112.1661625802517,0.17521390318870544,7.0,5.0
1984-12-23 11:30:00,111.32215149700642,0.17112551629543304,7.0,5.0
1984-12-23 12:30:00,107.5095497071743,0.167830228805542,7.0,5.0
1984-12-23 13:30:00,103.17307896912098,0.1642281860113144,7.0,5.0
1984-12-23 14:30:00,99.79703463613987,0.15971222519874573,7.0,5.0
1984-12-23 15:30:00,97.78887033462524,0.15428054332733154,7.0,5.0
1984-12-23 16:30:00,95.86801752448082,0.15049679577350616,7.0,5.0
1984-12-23 17:30:00,93.71433407068253,0.14805741608142853,7.0,5.0
1984-12-23 18:30:00,90.62932804226875,0.14445920288562775,7.0,5.0
1984-12-23 19:30:00,85.27422323822975,0.13878317177295685,7.0,5.0
1984-12-23 20:30:00,78.46392691135406,0.13139599561691284,7.0,5.0
1984-12-23 21:30:00,70.25664672255516,0.12455525994300842,7.0,5.0
1984-12-23 22:30:00,62.19489989689464,0.11899954825639725,7.0,5.0
1984-12-23 23:30:00,56.01036434654816,0.11524314433336258,7.0,5.0
1984-12-24 00:30:00,51.16453749565153,0.11365319788455963,7.0,5.0
1984-12-24 01:30:00,47.46836879121474,0.1138695627450943,7.0,5.0
1984-12-24 02:30:00,46.08594039723357,0.11497113108634949,7.0,5.0
1984-12-24 03:30:00,45.73667666818437,0.11607186496257782,7.0,5.0
1984-12-24 04:30:00,45.66393840832461,0.11717404425144196,7.0,5.0
1984-12-24 05:30:00,45.809532167595535,0.11832916736602783,7.0,5.0
1984-12-24 06:30:00,46.20235216634683,0.11927378922700882,7.0,5.0
1984-12-24 07:30:00,50.34974392970071,0.1193348616361618,7.0,5.0
1984-12-24 08:30:00,59.34280622454935,0.11768700182437897,7.0,5.0
1984-12-24 09:30:00,64.90154191851616,0.11433326452970505,7.0,5.0
1984-12-24 10:30:00,66.85149855911732,0.1113729476928711,7.0,5.0
1984-12-24 11:30:00,66.90970622003078,0.1091751977801323,7.0,5.0
1984-12-24 12:30:00,66.12390279769897,0.10807838290929794,7.0,5.0
1984-12-24 13:30:00,65.13437256217003,0.1081332117319107,7.0,5.0
1984-12-24 14:30:00,64.63960744440556,0.10864819586277008,7.0,5.0
1984-12-24 15:30:00,65.1925802230835,0.1098082959651947,7.0,5.0
1984-12-24 16:30:00,66.32762961089611,0.11161082983016968,7.0,5.0
1984-12-24 17:30:00,67.66640581190586,0.11490990221500397,7.0,5.0
1984-12-24 18:30:00,69.09249350428581,0.11823871731758118,7.0,5.0
1984-12-24 19:30:00,70.5476850271225,0.12101868540048599,7.0,5.0
1984-12-24 20:30:00,72.11929187178612,0.12370636314153671,7.0,5.0
1984-12-24 21:30:00,74.09835234284401,0.12669815123081207,7.0,5.0
1984-12-24 22:30:00,77.03783921897411,0.13072629272937775,7.0,5.0
1984-12-24 23:30:00,81.2578946352005,0.13695141673088074,7.0,5.0
1984-12-25 00:30:00,86.99134923517704,0.14604127407073975,7.0,5.0
1984-12-25 01:30:00,94.64566375072536,0.1589791625738144,7.0,5.0
1984-12-25 02:30:00,104.57007704189891,0.17716673016548157,7.0,5.0
1984-12-25 03:30:00,117.2593471210348,0.20145845413208008,7.0,5.0
1984-12-25 04:30:00,133.76123320085753,0.2318558543920517,7.0,5.0
1984-12-25 05:30:00,152.62051533682097,0.2634740173816681,7.0,5.0
1984-12-25 06:30:00,170.3738234937191,0.28727588057518005,7.0,5.0
1984-12-25 07:30:00,175.61256981935003,0.3002161979675293,7.0,5.0
1984-12-25 08:30:00,176.60210005487897,0.3026593029499054,7.0,5.0
1984-12-25 09:30:00,192.08528101444244,0.2983570098876953,7.0,5.0
1984-12-25 10:30:00,199.59406927227974,0.29445597529411316,7.0,5.0
1984-12-25 11:30:00,202.3298293352127,0.2973926067352295,7.0,5.0
1984-12-25 12:30:00,204.71634343266487,0.30813977122306824,7.0,5.0
1984-12-25 13:30:00,208.38342607021332,0.32328349351882935,7.0,5.0
1984-12-25 14:30:00,213.0400389432907,0.3370804488658905,7.0,5.0
1984-12-25 15:30:00,217.23099052906036,0.3462337553501129,7.0,5.0
1984-12-25 16:30:00,220.43241187930107,0.3507489562034607,7.0,5.0
1984-12-25 17:30:00,222.41147235035896,0.3522140085697174,7.0,5.0
1984-12-25 18:30:00,223.86666387319565,0.35197198390960693,7.0,5.0
1984-12-25 19:30:00,224.39053282141685,0.35209739208221436,7.0,5.0
1984-12-25 20:30:00,223.63383322954178,0.3533201217651367,7.0,5.0
1984-12-25 21:30:00,220.8980731666088,0.35526835918426514,7.0,5.0
1984-12-25 22:30:00,216.4742909371853,0.35660552978515625,7.0,5.0
1984-12-25 23:30:00,210.24607121944427,0.35514503717422485,7.0,5.0
1984-12-26 00:30:00,202.27162167429924,0.34819015860557556,7.0,5.0
1984-12-26 01:30:00,193.2494342327118,0.3356136977672577,7.0,5.0
1984-12-26 02:30:00,182.94669246188278,0.31839707493782043,7.0,5.0
1984-12-26 03:30:00,171.71261390558357,0.2993561327457428,7.0,5.0
1984-12-26 04:30:00,161.29345681292762,0.2811679244041443,7.0,5.0
1984-12-26 05:30:00,152.9697755131565,0.26603075861930847,7.0,5.0
1984-12-26 06:30:00,146.56689018011093,0.2545567452907562,7.0,5.0
1984-12-26 07:30:00,136.78801735750312,0.246559277176857,7.0,5.0
1984-12-26 08:30:00,115.94968185590915,0.2417982518672943,7.0,5.0
1984-12-26 09:30:00,130.9090293943882,0.24112482368946075,7.0,5.0
1984-12-26 10:30:00,140.3968781232834,0.24313649535179138,7.0,5.0
1984-12-26 11:30:00,141.79387619606132,0.24661409854888916,7.0,5.0
1984-12-26 12:30:00,141.4446160197258,0.2510097026824951,7.0,5.0
1984-12-26 13:30:00,141.15357771515846,0.25528666377067566,7.0,5.0
1984-12-26 14:30:00,140.9207470715046,0.25773414969444275,7.0,5.0
1984-12-26 15:30:00,139.98942449688911,0.2577279806137085,7.0,5.0
1984-12-26 16:30:00,138.70885595679283,0.25601926445961,7.0,5.0
1984-12-26 17:30:00,137.83574104309082,0.2529676854610443,7.0,5.0
1984-12-26 18:30:00,137.3118720948696,0.2485150247812271,7.0,5.0
1984-12-26 19:30:00,136.90441846847534,0.24314749240875244,7.0,5.0
1984-12-26 20:30:00,136.55517250299454,0.23722678422927856,7.0,5.0
1984-12-26 21:30:00,136.2641341984272,0.23081789910793304,7.0,5.0
1984-12-26 22:30:00,136.03131776562805,0.22440983355045319,7.0,5.0
1984-12-26 23:30:00,135.9149024438011,0.21922273933887482,7.0,5.0
1984-12-27 00:30:00,135.68205758929253,0.21623076498508453,7.0,5.0
1984-12-27 01:30:00,135.27460396289825,0.21598432958126068,7.0,5.0
1984-12-27 02:30:00,134.8671787582134,0.21915724873542786,7.0,5.0
1984-12-27 03:30:00,134.6343907471237,0.2260502427816391,7.0,5.0
1984-12-27 04:30:00,134.4597677643833,0.23594100773334503,7.0,5.0
1984-12-27 05:30:00,134.05232834884373,0.24729689955711365,7.0,5.0
1984-12-27 06:30:00,133.2956713895328,0.2579791843891144,7.0,5.0
1984-12-27 07:30:00,129.86146202820237,0.2653035819530487,7.0,5.0
1984-12-27 08:30:00,120.19901873827621,0.2682330012321472,7.0,5.0
1984-12-27 09:30:00,113.30150329058597,0.2672569155693054,7.0,5.0
1984-12-27 10:30:00,111.23521659328617,0.2632289528846741,7.0,5.0
1984-12-27 11:30:00,114.4658270391119,0.25822222232818604,7.0,5.0
1984-12-27 12:30:00,119.06432462183147,0.25346171855926514,7.0,5.0
1984-12-27 13:30:00,123.51729594684002,0.24979959428310394,7.0,5.0
1984-12-27 14:30:00,127.4172660714612,0.2471134066581726,7.0,5.0
1984-12-27 15:30:00,129.80308383703232,0.24467267096042633,7.0,5.0
1984-12-27 16:30:00,133.12092050909996,0.24307841062545776,7.0,5.0
1984-12-27 17:30:00,134.86715033650398,0.24375389516353607,7.0,5.0
1984-12-27 18:30:00,136.4387571811676,0.24735699594020844,7.0,5.0
1984-12-27 19:30:00,138.4178176522255,0.2538285255432129,7.0,5.0
1984-12-27 20:30:00,140.97895473241806,0.2626161575317383,7.0,5.0
1984-12-27 21:30:00,143.7729224562645,0.2721378803253174,7.0,5.0
1984-12-27 22:30:00,146.2758518755436,0.28092777729034424,7.0,5.0
1984-12-27 23:30:00,148.02208170294762,0.2884969413280487,7.0,5.0
1984-12-28 00:30:00,149.01161193847656,0.2969210743904114,7.0,5.0
1984-12-28 01:30:00,149.71010386943817,0.3099825084209442,7.0,5.0
1984-12-28 02:30:00,150.81604942679405,0.3301163911819458,7.0,5.0
1984-12-28 03:30:00,152.44586393237114,0.3547811508178711,7.0,5.0
1984-12-28 04:30:00,154.36671674251556,0.37920084595680237,7.0,5.0
1984-12-28 05:30:00,157.39351511001587,0.3998335301876068,7.0,5.0
1984-12-28 06:30:00,162.515789270401,0.41619011759757996,7.0,5.0
1984-12-28 07:30:00,168.56940021625633,0.4286401867866516,7.0,5.0
1984-12-28 08:30:00,165.30977120510215,0.4376702606678009,7.0,5.0
1984-12-28 09:30:00,163.38891839495773,0.44414007663726807,7.0,5.0
1984-12-28 10:30:00,179.3960535678707,0.44524532556533813,7.0,5.0
1984-12-28 11:30:00,196.91658792453381,0.43389689922332764,7.0,5.0
1984-12-28 12:30:00,210.01329741920927,0.40935951471328735,7.0,5.0
1984-12-28 13:30:00,218.74444655622938,0.3831126093864441,7.0,5.0
1984-12-28 14:30:00,225.20551112847897,0.3662651777267456,7.0,5.0
1984-12-28 15:30:00,229.86212400155637,0.36112862825393677,7.0,5.0
1984-12-28 16:30:00,234.22774120263057,0.36222758889198303,7.0,5.0
1984-12-28 17:30:00,233.64572143691476,0.36297160387039185,7.0,5.0
1984-12-28 18:30:00,230.38614926917944,0.36101922392845154,7.0,5.0
1984-12-28 19:30:00,224.91467177587765,0.3567478060722351,7.0,5.0
1984-12-28 20:30:00,217.63879942682252,0.3489334285259247,7.0,5.0
1984-12-28 21:30:00,209.0823585376711,0.3355044424533844,7.0,5.0
1984-12-28 22:30:00,199.76918963493517,0.3180471956729889,7.0,5.0
1984-12-28 23:30:00,190.7471585127496,0.30290940403938293,7.0,5.0
1984-12-29 00:30:00,182.0742738800618,0.29424288868904114,7.0,5.0
1984-12-29 01:30:00,174.04157404143916,0.2937552332878113,7.0,5.0
1984-12-29 02:30:00,166.6491868945741,0.2993726134300232,7.0,5.0
1984-12-29 03:30:00,159.3732577021001,0.3085249960422516,7.0,5.0
1984-12-29 04:30:00,151.68981803981296,0.3187783658504486,7.0,5.0
1984-12-29 05:30:00,143.30788644656423,0.3272031843662262,7.0,5.0
1984-12-29 06:30:00,134.6343196928501,0.33303776383399963,7.0,5.0
1984-12-29 07:30:00,122.81816452741623,0.33414727449417114,7.0,5.0
1984-12-29 08:30:00,117.6085788756609,0.32914912700653076,7.0,5.0
1984-12-29 09:30:00,131.9567672908306,0.32377520203590393,7.0,5.0
1984-12-29 10:30:00,150.0011421740055,0.3221891522407532,7.0,5.0
1984-12-29 11:30:00,163.50531950592995,0.3212163746356964,7.0,5.0
1984-12-29 12:30:00,172.99316823482513,0.31999582052230835,7.0,5.0
1984-12-29 13:30:00,179.74525690078735,0.32012009620666504,7.0,5.0
1984-12-29 14:30:00,184.63470041751862,0.32134249806404114,7.0,5.0
1984-12-29 15:30:00,189.40772861242294,0.32134389877319336,7.0,5.0
1984-12-29 16:30:00,192.43452697992325,0.3204842805862427,7.0,5.0
1984-12-29 17:30:00,190.33905118703842,0.318159818649292,7.0,5.0
1984-12-29 18:30:00,182.77205526828766,0.31376269459724426,7.0,5.0
1984-12-29 19:30:00,171.18873074650764,0.30923816561698914,7.0,5.0
1984-12-29 20:30:00,158.90691429376602,0.30618521571159363,7.0,5.0
1984-12-29 21:30:00,147.73104339838028,0.3052043914794922,7.0,5.0
1984-12-29 22:30:00,136.55517250299454,0.3052021563053131,7.0,5.0
1984-12-29 23:30:00,124.68080967664719,0.30654215812683105,7.0,5.0
1984-12-30 00:30:00,111.87512427568436,0.3089868426322937,7.0,5.0
1984-12-30 01:30:00,98.42916171010074,0.31313756108283997,7.0,5.0
1984-12-30 02:30:00,88.18462049475784,0.3188771605491638,7.0,5.0
1984-12-30 03:30:00,81.63627285284747,0.32498306035995483,7.0,5.0
1984-12-30 04:30:00,77.24160155930804,0.3298706114292145,7.0,5.0
1984-12-30 05:30:00,74.5931814094547,0.3312205970287323,7.0,5.0
1984-12-30 06:30:00,73.98193702101707,0.330226868391037,7.0,5.0
1984-12-30 07:30:00,77.73633114993572,0.32900628447532654,7.0,5.0
1984-12-30 08:30:00,88.88309821486473,0.3279108703136444,7.0,5.0
1984-12-30 09:30:00,108.79011824727058,0.3266918957233429,7.0,5.0
1984-12-30 10:30:00,126.31062418222427,0.3260861337184906,7.0,5.0
1984-12-30 11:30:00,136.38054952025414,0.32572364807128906,7.0,5.0
1984-12-30 12:30:00,142.72518455982208,0.32523250579833984,7.0,5.0
1984-12-30 13:30:00,147.20717445015907,0.3258400857448578,7.0,5.0
1984-12-30 14:30:00,150.87425708770752,0.32620397210121155,7.0,5.0
1984-12-30 15:30:00,147.84745872020721,0.2503964602947235,7.0,5.0
1984-12-30 16:30:00,149.36085790395737,0.2505166232585907,7.0,5.0
1984-12-30 17:30:00,150.0011421740055,0.25186261534690857,7.0,5.0
1984-12-30 18:30:00,148.2549123466015,0.25577008724212646,7.0,5.0
1984-12-30 19:30:00,145.05349099636078,0.2621186077594757,7.0,5.0
1984-12-30 20:30:00,141.095370054245,0.26871058344841003,7.0,5.0
1984-12-30 21:30:00,137.48649507761002,0.2734670639038086,7.0,5.0
1984-12-30 22:30:00,134.57611203193665,0.2763921916484833,7.0,5.0
1984-12-30 23:30:00,132.65525922179222,0.2788289785385132,7.0,5.0
1984-12-31 00:30:00,131.4911202143776,0.28224456310272217,7.0,5.0
1984-12-31 01:30:00,130.85083594432945,0.2872491180896759,7.0,5.0
1984-12-31 02:30:00,130.3851746570217,0.29298707842826843,7.0,5.0
1984-12-31 03:30:00,129.74490459782828,0.2987264096736908,7.0,5.0
1984-12-31 04:30:00,128.3479633684692,0.30422243475914,7.0,5.0
1984-12-31 05:30:00,125.84506237089954,0.3080083727836609,7.0,5.0
1984-12-31 06:30:00,122.41086722042382,0.30947452783584595,7.0,5.0
1984-12-31 07:30:00,113.97084165309934,0.308254599571228,7.0,5.0
1984-12-31 08:30:00,103.05703312951664,0.30288341641426086,7.0,5.0
1984-12-31 09:30:00,110.01296229551372,0.2959257960319519,7.0,5.0
1984-12-31 10:30:00,117.25990844979606,0.28860193490982056,7.0,5.0
1984-12-31 11:30:00,121.77112296285486,0.2824976444244385,7.0,5.0
1984-12-31 12:30:00,125.20567338469846,0.2763940393924713,7.0,5.0
1984-12-31 13:30:00,127.65053725161124,0.27004554867744446,7.0,5.0
1984-12-31 14:30:00,130.09533006425045,0.2635730504989624,7.0,5.0
1984-12-31 15:30:00,131.95811732202856,0.25783470273017883,7.0,5.0
1984-12-31 16:30:00,133.12234159457148,0.25551488995552063,7.0,5.0
1984-12-31 17:30:00,131.9000944022264,0.25466033816337585,7.0,5.0
1984-12-31 18:30:00,127.82565761426667,0.2542946934700012,7.0,5.0
1984-12-31 19:30:00,121.36445093346993,0.2525867819786072,7.0,5.0
1984-12-31 20:30:00,112.60413401714686,0.2497807741165161,7.0,5.0
1984-12-31 21:30:00,103.2037104664596,0.24874404072761536,7.0,5.0
1984-12-31 22:30:00,94.06506507048107,0.24630308151245117,7.0,5.0
1984-12-31 23:30:00,85.30497552783345,0.24355708062648773,7.0,5.0
