season,month,mean_vis_km,days_with_data
2010,1,4.934919264,8
2010,3,11.265408,1
2010,12,7.09193105567347,14
2011,11,10.314432,11
2011,12,7.115505877333334,18
2019,1,4.741747710814815,27
2019,2,4.005982916571429,26
2019,3,9.51957924923077,26
2019,11,9.596737230367347,28
2019,12,8.286726759135059,31
2020,1,5.4990518125714285,5
2020,2,6.493184009142857,22
2020,3,7.5955404096,20
2020,11,9.113620404705884,17
2020,12,8.49733632,2
2021,1,4.3580482816,15
2021,2,4.004637964800001,15
2021,3,7.966018385747899,17
2021,11,9.970548751058823,17
2021,12,4.731613135542857,20
2022,1,5.051913388638656,17
2022,2,6.460443264,14
2022,3,9.24568128,4
2022,11,8.028946475604396,13
2022,12,7.278308658045113,19
2023,1,8.597115648,5
2023,3,9.358337860923077,15
2023,11,8.985504,12
2023,12,7.240855893333334,9
2024,1,5.416789403189623,29
2024,2,6.633307277347986,24
2024,3,8.311120147460633,30
2024,11,7.192460772244899,28
2024,12,5.372340666209524,30
2025,1,5.046337387507389,29
2025,2,6.891329809821037,28
2025,3,8.4993055255317,26
2025,11,8.130632167947253,30
2025,12,7.354126653039348,31
