date,vis_km,n_obs,month,year,season
2010-12-13,9.594908928,5,12,2010,2010
2010-12-14,7.99665152,9,12,2010,2010
2010-12-15,9.99402624,5,12,2010,2010
2010-12-18,9.99402624,3,12,2010,2010
2010-12-19,6.118725888,5,12,2010,2010
2010-12-20,9.99402624,3,12,2010,2010
2010-12-21,7.99843968,2,12,2010,2010
2010-12-22,6.63049728,6,12,2010,2010
2010-12-23,6.253450971428571,7,12,2010,2010
2010-12-26,5.793638400000001,2,12,2010,2010
2010-12-27,4.69928448,4,12,2010,2010
2010-12-29,5.60051712,2,12,2010,2010
2010-12-30,4.19636448,4,12,2010,2010
2010-12-31,4.422477312,5,12,2010,2010
2011-01-19,2.9933798400000002,1,1,2011,2010
2011-01-20,2.8936005120000003,5,1,2011,2010
2011-01-21,4.3988736,3,1,2011,2010
2011-01-23,2.4944832000000003,2,1,2011,2010
2011-01-27,5.697077760000001,1,1,2011,2010
2011-01-28,5.00505984,1,1,2011,2010
2011-01-29,6.00285312,1,1,2011,2010
2011-01-31,9.99402624,1,1,2011,2010
2011-03-28,11.265408,1,3,2011,2010
2011-11-02,14.484096000000001,2,11,2011,2011
2011-11-07,9.656064,1,11,2011,2011
2011-11-08,13.679424000000001,2,11,2011,2011
2011-11-09,14.484096000000001,4,11,2011,2011
2011-11-14,3.218688,1,11,2011,2011
2011-11-17,4.02336,1,11,2011,2011
2011-11-25,12.07008,2,11,2011,2011
2011-11-26,9.656064,1,11,2011,2011
2011-11-28,12.874752,2,11,2011,2011
2011-11-29,9.656064,1,11,2011,2011
2011-11-30,9.656064,1,11,2011,2011
2011-12-01,11.265408,1,12,2011,2011
2011-12-04,9.656064,1,12,2011,2011
2011-12-05,3.8892480000000003,3,12,2011,2011
2011-12-06,9.656064,1,12,2011,2011
2011-12-07,9.656064,2,12,2011,2011
2011-12-09,8.04672,1,12,2011,2011
2011-12-10,6.437376,2,12,2011,2011
2011-12-12,2.414016,3,12,2011,2011
2011-12-13,4.02336,1,12,2011,2011
2011-12-15,9.656064,1,12,2011,2011
2011-12-19,4.828032,3,12,2011,2011
2011-12-22,6.437376,1,12,2011,2011
2011-12-23,4.425696,2,12,2011,2011
2011-12-26,11.265408,1,12,2011,2011
2011-12-27,9.926433792000001,5,12,2011,2011
2011-12-28,4.828032,1,12,2011,2011
2011-12-30,5.230368,2,12,2011,2011
2011-12-31,6.437376,1,12,2011,2011
2019-11-01,9.99402624,1,11,2019,2019
2019-11-02,9.99402624,2,11,2019,2019
2019-11-03,8.24520576,6,11,2019,2019
2019-11-04,9.99402624,3,11,2019,2019
2019-11-05,9.99402624,1,11,2019,2019
2019-11-07,8.59389696,5,11,2019,2019
2019-11-08,9.195791616,5,11,2019,2019
2019-11-09,9.4951296,6,11,2019,2019
2019-11-10,8.99623296,6,11,2019,2019
2019-11-11,8.780121051428571,7,11,2019,2019
2019-11-12,9.99402624,5,11,2019,2019
2019-11-13,9.096012288,10,11,2019,2019
2019-11-14,9.99402624,2,11,2019,2019
2019-11-15,9.99402624,2,11,2019,2019
2019-11-16,9.99402624,3,11,2019,2019
2019-11-17,9.4951296,10,11,2019,2019
2019-11-18,8.853691062857143,7,11,2019,2019
2019-11-19,9.99402624,6,11,2019,2019
2019-11-20,9.328830720000001,6,11,2019,2019
2019-11-21,9.99402624,4,11,2019,2019
2019-11-22,9.99402624,4,11,2019,2019
2019-11-23,9.99402624,7,11,2019,2019
2019-11-24,9.99402624,6,11,2019,2019
2019-11-25,9.99402624,6,11,2019,2019
2019-11-26,9.328830720000001,6,11,2019,2019
2019-11-27,9.99402624,5,11,2019,2019
2019-11-28,9.395350272,10,11,2019,2019
2019-11-30,9.99402624,10,11,2019,2019
2019-12-01,8.6636352,6,12,2019,2019
2019-12-02,8.711149165714286,7,12,2019,2019
2019-12-03,9.99402624,7,12,2019,2019
2019-12-04,7.413711360000001,6,12,2019,2019
2019-12-05,7.566215862857143,7,12,2019,2019
2019-12-06,5.00505984,1,12,2019,2019
2019-12-07,8.43296256,8,12,2019,2019
2019-12-08,8.6636352,6,12,2019,2019
2019-12-09,8.99623296,3,12,2019,2019
2019-12-10,8.140981577142856,7,12,2019,2019
2019-12-11,7.537919704615385,13,12,2019,2019
2019-12-12,7.87170384,8,12,2019,2019
2019-12-13,7.998439680000001,4,12,2019,2019
2019-12-14,9.328830720000001,9,12,2019,2019
2019-12-15,7.49954304,8,12,2019,2019
2019-12-16,8.853691062857143,7,12,2019,2019
2019-12-17,9.99402624,4,12,2019,2019
2019-12-18,6.62446224,8,12,2019,2019
2019-12-19,8.99623296,8,12,2019,2019
2019-12-20,6.50174976,2,12,2019,2019
2019-12-21,8.8715088,8,12,2019,2019
2019-12-22,9.395350272,10,12,2019,2019
2019-12-23,9.99402624,7,12,2019,2019
2019-12-24,9.99402624,1,12,2019,2019
2019-12-25,7.99843968,1,12,2019,2019
2019-12-26,9.24568128,4,12,2019,2019
2019-12-27,7.0006464,4,12,2019,2019
2019-12-28,7.599322368,10,12,2019,2019
2019-12-29,7.998439680000001,4,12,2019,2019
2019-12-30,7.99843968,2,12,2019,2019
2019-12-31,7.99843968,1,12,2019,2019
2020-01-01,7.99843968,1,1,2020,2019
2020-01-02,7.0006464,1,1,2020,2019
2020-01-03,6.401970432000001,5,1,2020,2019
2020-01-04,3.36755232,4,1,2020,2019
2020-01-05,2.4944832000000003,3,1,2020,2019
2020-01-06,3.03160176,8,1,2020,2019
2020-01-09,2.9933798400000007,3,1,2020,2019
2020-01-10,2.9933798400000007,3,1,2020,2019
2020-01-11,5.404177152000001,5,1,2020,2019
2020-01-12,6.00285312,4,1,2020,2019
2020-01-13,8.99623296,4,1,2020,2019
2020-01-15,8.99623296,5,1,2020,2019
2020-01-16,6.00285312,2,1,2020,2019
2020-01-18,6.33545088,3,1,2020,2019
2020-01-19,4.203606528,5,1,2020,2019
2020-01-20,4.5061632000000005,8,1,2020,2019
2020-01-21,3.547872000000001,11,1,2020,2019
2020-01-22,3.3957158400000003,5,1,2020,2019
2020-01-23,3.0014265600000005,2,1,2020,2019
2020-01-24,2.82708096,3,1,2020,2019
2020-01-25,6.127577280000001,4,1,2020,2019
2020-01-26,3.33134208,3,1,2020,2019
2020-01-27,3.44041984,9,1,2020,2019
2020-01-28,3.3715756800000003,4,1,2020,2019
2020-01-29,5.00505984,3,1,2020,2019
2020-01-30,5.00505984,3,1,2020,2019
2020-01-31,2.24503488,4,1,2020,2019
2020-02-01,5.50395648,4,2,2020,2019
2020-02-02,5.00505984,3,2,2020,2019
2020-02-03,4.75561152,8,2,2020,2019
2020-02-04,4.0032432,4,2,2020,2019
2020-02-05,5.00505984,5,2,2020,2019
2020-02-07,2.9933798400000002,5,2,2020,2019
2020-02-08,5.75072256,6,2,2020,2019
2020-02-09,5.803294464,5,2,2020,2019
2020-02-10,8.1093056,9,2,2020,2019
2020-02-11,0.8690457600000001,3,2,2020,2019
2020-02-12,1.04875584,6,2,2020,2019
2020-02-13,1.00315776,3,2,2020,2019
2020-02-14,0.804672,6,2,2020,2019
2020-02-15,1.3236854400000002,4,2,2020,2019
2020-02-16,1.4966899200000001,2,2,2020,2019
2020-02-17,2.8508379428571433,7,2,2020,2019
2020-02-18,3.3331302400000005,9,2,2020,2019
2020-02-20,5.12576064,4,2,2020,2019
2020-02-22,6.00285312,5,2,2020,2019
2020-02-23,6.00285312,2,2,2020,2019
2020-02-24,3.7980518400000003,5,2,2020,2019
2020-02-25,3.5003232000000004,2,2,2020,2019
2020-02-26,4.50213984,4,2,2020,2019
2020-02-27,5.3043978240000005,10,2,2020,2019
2020-02-28,4.007266560000001,4,2,2020,2019
2020-02-29,6.25230144,4,2,2020,2019
2020-03-02,8.99623296,6,3,2020,2019
2020-03-03,9.99402624,3,3,2020,2019
2020-03-04,9.99402624,4,3,2020,2019
2020-03-05,9.99402624,1,3,2020,2019
2020-03-06,9.99402624,5,3,2020,2019
2020-03-07,9.99402624,5,3,2020,2019
2020-03-08,9.99402624,3,3,2020,2019
2020-03-09,9.99402624,6,3,2020,2019
2020-03-10,9.99402624,6,3,2020,2019
2020-03-11,9.99402624,2,3,2020,2019
2020-03-13,2.39792256,1,3,2020,2019
2020-03-14,9.99402624,4,3,2020,2019
2020-03-16,9.99402624,8,3,2020,2019
2020-03-17,7.0006464,2,3,2020,2019
2020-03-18,9.99402624,9,3,2020,2019
2020-03-19,9.99402624,1,3,2020,2019
2020-03-20,9.99402624,3,3,2020,2019
2020-03-21,9.99402624,1,3,2020,2019
2020-03-22,9.99402624,3,3,2020,2019
2020-03-23,9.99402624,4,3,2020,2019
2020-03-24,9.99402624,5,3,2020,2019
2020-03-25,9.24568128,4,3,2020,2019
2020-03-26,9.99402624,2,3,2020,2019
2020-03-27,9.99402624,1,3,2020,2019
2020-03-30,9.99402624,3,3,2020,2019
2020-03-31,9.99402624,7,3,2020,2019
2020-11-01,8.247888,4,11,2020,2020
2020-11-02,9.99402624,1,11,2020,2020
2020-11-03,8.74678464,4,11,2020,2020
2020-11-04,7.0006464,1,11,2020,2020
2020-11-06,7.99843968,1,11,2020,2020
2020-11-07,9.99402624,1,11,2020,2020
2020-11-08,9.99402624,2,11,2020,2020
2020-11-09,8.99623296,2,11,2020,2020
2020-11-10,8.99623296,3,11,2020,2020
2020-11-12,9.99402624,3,11,2020,2020
2020-11-14,7.99843968,1,11,2020,2020
2020-11-15,7.99843968,1,11,2020,2020
2020-11-16,9.99402624,5,11,2020,2020
2020-11-17,9.99402624,5,11,2020,2020
2020-11-19,9.99402624,2,11,2020,2020
2020-11-21,9.66142848,6,11,2020,2020
2020-11-22,9.328830720000001,3,11,2020,2020
2020-12-07,9.99402624,2,12,2020,2020
2020-12-13,7.0006464,1,12,2020,2020
2021-01-12,5.00505984,1,1,2021,2020
2021-01-26,2.9933798400000007,3,1,2021,2020
2021-01-27,4.4149670400000005,6,1,2021,2020
2021-01-30,9.99402624,2,1,2021,2020
2021-01-31,5.087826102857143,7,1,2021,2020
2021-02-01,7.0006464,1,2,2021,2020
2021-02-03,7.143188297142857,7,2,2021,2020
2021-02-04,6.00285312,2,2,2021,2020
2021-02-06,5.803294464,5,2,2021,2020
2021-02-07,4.67246208,3,2,2021,2020
2021-02-08,5.25450816,4,2,2021,2020
2021-02-09,7.0006464,2,2,2021,2020
2021-02-10,8.99623296,6,2,2021,2020
2021-02-11,9.99402624,1,2,2021,2020
2021-02-13,9.99402624,2,2,2021,2020
2021-02-14,9.99402624,3,2,2021,2020
2021-02-15,9.99402624,1,2,2021,2020
2021-02-16,8.49733632,2,2,2021,2020
2021-02-17,7.0006464,3,2,2021,2020
2021-02-18,3.49227648,2,2,2021,2020
2021-02-19,2.9933798400000002,1,2,2021,2020
2021-02-20,1.4966899200000001,1,2,2021,2020
2021-02-24,5.00505984,2,2,2021,2020
2021-02-25,6.00285312,1,2,2021,2020
2021-02-26,4.007266560000001,1,2,2021,2020
2021-02-27,7.49954304,4,2,2021,2020
2021-02-28,5.00505984,1,2,2021,2020
2021-03-02,4.406383872000001,5,3,2021,2020
2021-03-03,2.9933798400000002,1,3,2021,2020
2021-03-04,8.6636352,3,3,2021,2020
2021-03-05,6.668048639999999,3,3,2021,2020
2021-03-06,9.99402624,2,3,2021,2020
2021-03-07,9.99402624,2,3,2021,2020
2021-03-09,8.99623296,4,3,2021,2020
2021-03-10,9.99402624,3,3,2021,2020
2021-03-11,9.99402624,3,3,2021,2020
2021-03-12,8.74678464,4,3,2021,2020
2021-03-14,9.4951296,4,3,2021,2020
2021-03-15,6.00285312,1,3,2021,2020
2021-03-16,8.6636352,3,3,2021,2020
2021-03-17,9.99402624,6,3,2021,2020
2021-03-18,9.99402624,4,3,2021,2020
2021-03-20,9.99402624,4,3,2021,2020
2021-03-22,9.99402624,4,3,2021,2020
2021-03-29,2.3335488000000004,3,3,2021,2020
2021-03-30,1.99558656,1,3,2021,2020
2021-03-31,2.9933798400000002,1,3,2021,2020
2021-11-01,9.99402624,4,11,2021,2021
2021-11-03,9.99402624,6,11,2021,2021
2021-11-08,9.99402624,1,11,2021,2021
2021-11-10,9.99402624,6,11,2021,2021
2021-11-11,9.99402624,2,11,2021,2021
2021-11-13,9.99402624,5,11,2021,2021
2021-11-14,9.99402624,2,11,2021,2021
2021-11-15,9.99402624,5,11,2021,2021
2021-11-17,9.99402624,7,11,2021,2021
2021-11-20,9.99402624,5,11,2021,2021
2021-11-21,9.594908928,5,11,2021,2021
2021-11-22,9.99402624,6,11,2021,2021
2021-11-24,9.99402624,5,11,2021,2021
2021-11-25,9.99402624,2,11,2021,2021
2021-11-27,9.99402624,7,11,2021,2021
2021-11-28,9.99402624,5,11,2021,2021
2021-11-29,9.99402624,4,11,2021,2021
2021-12-01,9.195791616,5,12,2021,2021
2021-12-02,8.853691062857143,7,12,2021,2021
2021-12-03,6.00285312,2,12,2021,2021
2021-12-04,5.67025536,6,12,2021,2021
2021-12-05,2.4944832000000003,2,12,2021,2021
2021-12-06,4.53835008,9,12,2021,2021
2021-12-08,3.6210240000000002,4,12,2021,2021
2021-12-09,4.37741568,4,12,2021,2021
2021-12-12,3.8044892160000003,5,12,2021,2021
2021-12-13,3.9042685440000007,5,12,2021,2021
2021-12-14,4.5061632000000005,2,12,2021,2021
2021-12-16,5.836554240000001,6,12,2021,2021
2021-12-17,5.00505984,1,12,2021,2021
2021-12-18,3.8382854400000004,6,12,2021,2021
2021-12-19,2.4944832000000003,2,12,2021,2021
2021-12-20,3.6017118720000005,5,12,2021,2021
2021-12-23,3.2481926400000005,6,12,2021,2021
2021-12-25,3.8785190400000005,4,12,2021,2021
2021-12-27,4.75561152,4,12,2021,2021
2021-12-28,5.00505984,6,12,2021,2021
2022-01-02,6.50174976,4,1,2022,2021
2022-01-03,7.99843968,1,1,2022,2021
2022-01-09,5.00505984,2,1,2022,2021
2022-01-10,5.45860224,11,1,2022,2021
2022-01-11,6.00285312,4,1,2022,2021
2022-01-15,6.25230144,4,1,2022,2021
2022-01-16,4.605942528000001,5,1,2022,2021
2022-01-17,4.25269152,4,1,2022,2021
2022-01-22,3.7524537600000003,6,1,2022,2021
2022-01-23,2.9933798400000002,2,1,2022,2021
2022-01-24,2.893600512,5,1,2022,2021
2022-01-25,5.00505984,4,1,2022,2021
2022-01-29,1.15872768,5,1,2022,2021
2022-01-30,1.796027904,5,1,2022,2021
2022-01-31,1.69383456,4,1,2022,2021
2022-02-01,1.4966899200000001,1,2,2022,2021
2022-02-04,1.99558656,1,2,2022,2021
2022-02-05,2.9974032000000004,4,2,2022,2021
2022-02-06,1.9344314880000002,5,2,2022,2021
2022-02-07,0.99779328,2,2,2022,2021
2022-02-08,1.796027904,5,2,2022,2021
2022-02-09,1.99558656,1,2,2022,2021
2022-02-12,5.00505984,6,2,2022,2021
2022-02-13,5.00505984,1,2,2022,2021
2022-02-14,4.60272384,5,2,2022,2021
2022-02-15,2.9933798400000002,1,2,2022,2021
2022-02-19,8.99623296,9,2,2022,2021
2022-02-20,9.99402624,2,2,2022,2021
2022-02-26,5.25450816,8,2,2022,2021
2022-02-27,5.00505984,3,2,2022,2021
2022-03-05,9.66142848,6,3,2022,2021
2022-03-06,9.99402624,4,3,2022,2021
2022-03-09,7.0006464,1,3,2022,2021
2022-03-10,9.99402624,1,3,2022,2021
2022-03-11,9.4951296,4,3,2022,2021
2022-03-12,9.708942445714285,7,3,2022,2021
2022-03-13,9.99402624,4,3,2022,2021
2022-03-14,9.99402624,4,3,2022,2021
2022-03-17,4.007266560000001,1,3,2022,2021
2022-03-19,5.171358720000001,6,3,2022,2021
2022-03-20,5.00505984,2,3,2022,2021
2022-03-21,9.99402624,1,3,2022,2021
2022-03-23,9.99402624,1,3,2022,2021
2022-03-24,9.99402624,1,3,2022,2021
2022-03-26,5.404177152000001,5,3,2022,2021
2022-03-27,5.00505984,2,3,2022,2021
2022-03-28,5.00505984,1,3,2022,2021
2022-11-01,7.99843968,1,11,2022,2022
2022-11-07,9.99402624,4,11,2022,2022
2022-11-09,9.99402624,1,11,2022,2022
2022-11-13,0.804672,1,11,2022,2022
2022-11-14,9.99402624,1,11,2022,2022
2022-11-15,4.5061632,1,11,2022,2022
2022-11-17,8.853691062857143,7,11,2022,2022
2022-11-19,8.49733632,2,11,2022,2022
2022-11-21,9.4951296,4,11,2022,2022
2022-11-22,9.24568128,4,11,2022,2022
2022-11-23,5.00505984,1,11,2022,2022
2022-11-26,9.99402624,5,11,2022,2022
2022-11-28,9.99402624,4,11,2022,2022
2022-12-01,5.00505984,1,12,2022,2022
2022-12-05,9.99402624,3,12,2022,2022
2022-12-06,4.24866816,2,12,2022,2022
2022-12-09,9.99402624,2,12,2022,2022
2022-12-10,7.8321408,12,12,2022,2022
2022-12-12,7.99843968,1,12,2022,2022
2022-12-14,6.713263542857143,7,12,2022,2022
2022-12-15,9.99402624,3,12,2022,2022
2022-12-16,4.007266560000001,1,12,2022,2022
2022-12-17,5.00505984,1,12,2022,2022
2022-12-19,7.99843968,3,12,2022,2022
2022-12-20,8.99623296,2,12,2022,2022
2022-12-21,7.99843968,2,12,2022,2022
2022-12-24,7.99843968,7,12,2022,2022
2022-12-25,7.49954304,2,12,2022,2022
2022-12-26,7.0006464,3,12,2022,2022
2022-12-27,7.0006464,1,12,2022,2022
2022-12-29,6.50174976,2,12,2022,2022
2022-12-30,6.50174976,4,12,2022,2022
2023-01-03,3.5003232000000004,2,1,2023,2022
2023-01-04,3.501932544,5,1,2023,2022
2023-01-05,2.9933798400000002,1,1,2023,2022
2023-01-09,4.862517942857144,7,1,2023,2022
2023-01-10,5.00505984,2,1,2023,2022
2023-01-11,2.9933798400000002,1,1,2023,2022
2023-01-13,1.54497024,2,1,2023,2022
2023-01-14,2.74795488,4,1,2023,2022
2023-01-16,4.5061632000000005,2,1,2023,2022
2023-01-18,3.24282816,2,1,2023,2022
2023-01-19,3.49227648,1,1,2023,2022
2023-01-21,6.00285312,1,1,2023,2022
2023-01-23,7.0006464,3,1,2023,2022
2023-01-24,7.0006464,3,1,2023,2022
2023-01-26,9.99402624,2,1,2023,2022
2023-01-28,7.499543040000001,2,1,2023,2022
2023-01-30,9.99402624,1,1,2023,2022
2023-02-02,9.99402624,1,2,2023,2022
2023-02-03,9.328830720000001,3,2,2023,2022
2023-02-06,9.99402624,3,2,2023,2022
2023-02-07,9.99402624,1,2,2023,2022
2023-02-08,9.99402624,3,2,2023,2022
2023-02-11,9.99402624,3,2,2023,2022
2023-02-12,8.99623296,2,2,2023,2022
2023-02-13,4.007266560000001,3,2,2023,2022
2023-02-15,1.99558656,1,2,2023,2022
2023-02-17,1.06216704,3,2,2023,2022
2023-02-18,0.90123264,2,2,2023,2022
2023-02-19,0.6920179200000001,1,2,2023,2022
2023-02-22,3.4987138560000006,5,2,2023,2022
2023-02-27,9.99402624,3,2,2023,2022
2023-03-01,9.99402624,1,3,2023,2022
2023-03-06,9.99402624,1,3,2023,2022
2023-03-10,7.0006464,1,3,2023,2022
2023-03-29,9.99402624,1,3,2023,2022
2023-11-01,9.99402624,2,11,2023,2023
2023-11-03,9.99402624,1,11,2023,2023
2023-11-06,9.99402624,1,11,2023,2023
2023-11-09,9.99402624,1,11,2023,2023
2023-11-11,9.99402624,1,11,2023,2023
2023-11-12,9.99402624,1,11,2023,2023
2023-11-14,9.99402624,2,11,2023,2023
2023-11-16,7.0006464,1,11,2023,2023
2023-11-17,3.8785190400000005,4,11,2023,2023
2023-11-18,7.0006464,2,11,2023,2023
2023-11-21,9.99402624,3,11,2023,2023
2023-11-27,9.99402624,1,11,2023,2023
2023-12-03,9.99402624,3,12,2023,2023
2023-12-09,9.99402624,1,12,2023,2023
2023-12-11,9.99402624,1,12,2023,2023
2023-12-12,5.00505984,1,12,2023,2023
2023-12-15,4.5061632000000005,2,12,2023,2023
2023-12-17,7.0006464,1,12,2023,2023
2023-12-20,6.668048639999999,3,12,2023,2023
2023-12-24,6.00285312,2,12,2023,2023
2023-12-31,6.00285312,1,12,2023,2023
2024-01-04,9.99402624,2,1,2024,2023
2024-01-05,7.99843968,1,1,2024,2023
2024-01-07,9.99402624,1,1,2024,2023
2024-01-08,9.99402624,1,1,2024,2023
2024-01-18,5.00505984,1,1,2024,2023
2024-03-15,9.99402624,1,3,2024,2023
2024-03-18,9.99402624,9,3,2024,2023
2024-03-19,9.24568128,8,3,2024,2023
2024-03-20,7.4541888,11,3,2024,2023
2024-03-21,5.62733952,12,3,2024,2023
2024-03-22,8.612466313846154,13,3,2024,2023
2024-03-23,9.99402624,3,3,2024,2023
2024-03-24,9.99402624,9,3,2024,2023
2024-03-25,9.99402624,13,3,2024,2023
2024-03-26,9.66142848,9,3,2024,2023
2024-03-27,9.99402624,4,3,2024,2023
2024-03-28,9.827727359999999,12,3,2024,2023
2024-03-29,9.99402624,5,3,2024,2023
2024-03-30,9.99402624,7,3,2024,2023
2024-03-31,9.99402624,11,3,2024,2023
2024-11-01,9.99402624,1,11,2024,2024
2024-11-02,7.25009472,4,11,2024,2024
2024-11-03,7.74899136,4,11,2024,2024
2024-11-04,9.328830720000001,6,11,2024,2024
2024-11-05,7.000646400000001,2,11,2024,2024
2024-11-06,5.00505984,3,11,2024,2024
2024-11-07,4.5061632000000005,2,11,2024,2024
2024-11-08,5.00505984,6,11,2024,2024
2024-11-09,8.331037440000001,3,11,2024,2024
2024-11-11,5.803294464,5,11,2024,2024
2024-11-12,9.99402624,2,11,2024,2024
2024-11-13,8.197998336000001,5,11,2024,2024
2024-11-14,7.855897782857143,7,11,2024,2024
2024-11-15,8.426065371428573,7,11,2024,2024
2024-11-17,9.99402624,3,11,2024,2024
2024-11-18,7.744968,4,11,2024,2024
2024-11-19,7.99843968,5,11,2024,2024
2024-11-20,4.06091136,9,11,2024,2024
2024-11-21,6.12355392,4,11,2024,2024
2024-11-22,5.00505984,5,11,2024,2024
2024-11-23,4.719976045714286,7,11,2024,2024
2024-11-24,5.62465728,4,11,2024,2024
2024-11-25,8.338700982857143,7,11,2024,2024
2024-11-26,7.000646400000001,2,11,2024,2024
2024-11-27,9.99402624,1,11,2024,2024
2024-11-28,8.99623296,4,11,2024,2024
2024-11-29,6.33545088,6,11,2024,2024
2024-11-30,5.00505984,8,11,2024,2024
2024-12-01,5.67025536,3,12,2024,2024
2024-12-02,7.99843968,6,12,2024,2024
2024-12-03,6.00285312,5,12,2024,2024
2024-12-04,5.43421824,3,12,2024,2024
2024-12-05,5.204618496,5,12,2024,2024
2024-12-06,5.8338719999999995,6,12,2024,2024
2024-12-07,5.00505984,7,12,2024,2024
2024-12-08,5.7534048,4,12,2024,2024
2024-12-09,9.24568128,4,12,2024,2024
2024-12-10,6.6264739200000005,8,12,2024,2024
2024-12-11,6.668048639999999,3,12,2024,2024
2024-12-12,6.00285312,2,12,2024,2024
2024-12-13,6.169152,6,12,2024,2024
2024-12-14,4.301546605714286,7,12,2024,2024
2024-12-15,5.404177152000001,5,12,2024,2024
2024-12-16,6.1453950171428575,7,12,2024,2024
2024-12-17,2.8735731200000005,9,12,2024,2024
2024-12-18,4.00190208,3,12,2024,2024
2024-12-19,5.404177152000001,5,12,2024,2024
2024-12-20,5.147601737142858,7,12,2024,2024
2024-12-21,4.5061632,1,12,2024,2024
2024-12-22,2.394703872,5,12,2024,2024
2024-12-23,2.9933798400000002,10,12,2024,2024
2024-12-24,3.8578274742857146,7,12,2024,2024
2024-12-25,4.007266560000001,6,12,2024,2024
2024-12-27,5.7534048,4,12,2024,2024
2024-12-28,5.7534048,4,12,2024,2024
2024-12-29,7.49954304,2,12,2024,2024
2024-12-30,5.0050598399999995,10,12,2024,2024
2024-12-31,4.5061632,4,12,2024,2024
2025-01-01,3.933696548571429,7,1,2025,2024
2025-01-02,4.3291353599999995,3,1,2025,2024
2025-01-04,5.603735808000001,5,1,2025,2024
2025-01-05,6.00285312,1,1,2025,2024
2025-01-06,6.25230144,4,1,2025,2024
2025-01-07,6.11371904,9,1,2025,2024
2025-01-08,2.9014173257142866,7,1,2025,2024
2025-01-09,3.5023348800000003,8,1,2025,2024
2025-01-10,4.007266560000001,1,1,2025,2024
2025-01-11,5.50395648,4,1,2025,2024
2025-01-12,6.6015290879999995,5,1,2025,2024
2025-01-13,4.273344768,15,1,2025,2024
2025-01-14,4.359176448,15,1,2025,2024
2025-01-15,4.290051291428572,14,1,2025,2024
2025-01-16,4.1038272000000005,15,1,2025,2024
2025-01-17,4.406383872000001,10,1,2025,2024
2025-01-18,5.00505984,3,1,2025,2024
2025-01-19,6.5401264246153845,13,1,2025,2024
2025-01-20,8.131478784,15,1,2025,2024
2025-01-21,5.6148224,18,1,2025,2024
2025-01-22,5.361414582857143,14,1,2025,2024
2025-01-23,6.707177788235294,17,1,2025,2024
2025-01-24,5.6148224,18,1,2025,2024
2025-01-25,5.91702144,6,1,2025,2024
2025-01-26,6.184270080000001,11,1,2025,2024
2025-01-27,7.18206336,11,1,2025,2024
2025-01-28,5.695839803076923,13,1,2025,2024
2025-01-29,6.390883840000001,18,1,2025,2024
2025-01-30,6.55718272,9,1,2025,2024
2025-02-01,6.00285312,2,2,2025,2024
2025-02-06,5.37923232,8,2,2025,2024
2025-02-07,4.905280512,10,2,2025,2024
2025-02-08,6.184270080000001,11,2,2025,2024
2025-02-09,8.064959232,15,2,2025,2024
2025-02-10,7.99843968,9,2,2025,2024
2025-02-11,5.4326855314285725,7,2,2025,2024
2025-02-12,6.33545088,6,2,2025,2024
2025-02-13,5.00505984,15,2,2025,2024
2025-02-14,5.803294464,10,2,2025,2024
2025-02-15,6.069372672,15,2,2025,2024
2025-02-16,6.921417156923076,13,2,2025,2024
2025-02-17,6.88978048,9,2,2025,2024
2025-02-18,6.36568704,11,2,2025,2024
2025-02-19,7.100425728,10,2,2025,2024
2025-02-20,5.00505984,13,2,2025,2024
2025-02-21,6.00285312,14,2,2025,2024
2025-02-22,8.55276928,9,2,2025,2024
2025-02-23,9.99402624,12,2,2025,2024
2025-02-24,8.74544352,12,2,2025,2024
2025-02-25,9.328830720000001,9,2,2025,2024
2025-02-26,5.6400192,11,2,2025,2024
2025-02-27,5.78112128,9,2,2025,2024
2025-02-28,5.69104272,16,2,2025,2024
2025-03-01,5.00505984,16,3,2025,2024
2025-03-02,6.7658715105882345,17,3,2025,2024
2025-03-03,6.001780224,15,3,2025,2024
2025-03-04,7.111512319999999,9,3,2025,2024
2025-03-05,9.708942445714285,7,3,2025,2024
2025-03-06,6.36568704,11,3,2025,2024
2025-03-07,7.74899136,8,3,2025,2024
2025-03-08,6.3770256,16,3,2025,2024
2025-03-09,8.07519300923077,13,3,2025,2024
2025-03-10,8.58048576,12,3,2025,2024
2025-03-11,8.72410752,11,3,2025,2024
2025-03-12,9.99402624,10,3,2025,2024
2025-03-13,6.25230144,8,3,2025,2024
2025-03-14,9.24568128,12,3,2025,2024
2025-03-15,9.610259593846154,13,3,2025,2024
2025-03-16,9.379999606153847,13,3,2025,2024
2025-03-17,9.129272064,15,3,2025,2024
2025-03-18,9.16253184,6,3,2025,2024
2025-03-19,9.217964799999999,9,3,2025,2024
2025-03-20,8.597115648,10,3,2025,2024
2025-03-21,8.597115648,10,3,2025,2024
2025-03-23,9.61985376,8,3,2025,2024
2025-03-24,9.99402624,10,3,2025,2024
2025-03-25,8.99623296,10,3,2025,2024
2025-03-26,8.283523474285714,14,3,2025,2024
2025-03-27,7.817022720000001,11,3,2025,2024
2025-03-28,8.74678464,8,3,2025,2024
2025-03-29,9.66142848,6,3,2025,2024
2025-03-30,7.74899136,8,3,2025,2024
2025-03-31,8.814816,11,3,2025,2024
2025-11-01,9.07298628923077,13,11,2025,2025
2025-11-02,7.272771840000001,11,11,2025,2025
2025-11-03,9.44977536,11,11,2025,2025
2025-11-04,8.99623296,6,11,2025,2025
2025-11-05,8.331037440000001,3,11,2025,2025
2025-11-06,9.99402624,2,11,2025,2025
2025-11-07,9.16253184,12,11,2025,2025
2025-11-08,6.169152,12,11,2025,2025
2025-11-09,9.744577920000001,8,11,2025,2025
2025-11-10,8.49465408,6,11,2025,2025
2025-11-11,8.426065371428573,7,11,2025,2025
2025-11-12,9.16253184,6,11,2025,2025
2025-11-13,8.247888,4,11,2025,2025
2025-11-14,8.426065371428573,7,11,2025,2025
2025-11-15,5.831189760000001,3,11,2025,2025
2025-11-16,8.99623296,2,11,2025,2025
2025-11-17,8.098219008,10,11,2025,2025
2025-11-18,8.55098112,9,11,2025,2025
2025-11-19,8.6636352,6,11,2025,2025
2025-11-20,5.00505984,6,11,2025,2025
2025-11-21,7.537919704615385,13,11,2025,2025
2025-11-22,6.25230144,4,11,2025,2025
2025-11-23,9.708942445714285,7,11,2025,2025
2025-11-24,8.45198208,11,11,2025,2025
2025-11-25,6.096195072,5,11,2025,2025
2025-11-26,9.99402624,4,11,2025,2025
2025-11-27,5.603735808000001,10,11,2025,2025
2025-11-28,8.098219008,10,11,2025,2025
2025-11-29,7.748991360000001,12,11,2025,2025
2025-11-30,8.331037440000001,6,11,2025,2025
2025-12-01,7.0006464,7,12,2025,2025
2025-12-02,8.197998336000001,5,12,2025,2025
2025-12-03,7.665841920000001,9,12,2025,2025
2025-12-04,5.37923232,8,12,2025,2025
2025-12-05,9.99402624,3,12,2025,2025
2025-12-06,7.0006464,8,12,2025,2025
2025-12-07,8.99623296,7,12,2025,2025
2025-12-08,8.163397439999999,12,12,2025,2025
2025-12-09,8.746784640000001,4,12,2025,2025
2025-12-10,7.200205056,5,12,2025,2025
2025-12-11,5.204618496,10,12,2025,2025
2025-12-12,8.99623296,2,12,2025,2025
2025-12-13,5.00505984,11,12,2025,2025
2025-12-14,6.88978048,9,12,2025,2025
2025-12-15,7.299984384,10,12,2025,2025
2025-12-16,9.16253184,12,12,2025,2025
2025-12-17,5.00103648,4,12,2025,2025
2025-12-18,7.665841920000001,9,12,2025,2025
2025-12-19,4.783328000000001,9,12,2025,2025
2025-12-20,8.37060048,8,12,2025,2025
2025-12-21,7.99843968,8,12,2025,2025
2025-12-22,6.698089728000001,10,12,2025,2025
2025-12-23,7.09135488,11,12,2025,2025
2025-12-24,6.50174976,4,12,2025,2025
2025-12-25,6.1453950171428575,7,12,2025,2025
2025-12-26,7.691426363076923,13,12,2025,2025
2025-12-27,7.5826924799999995,12,12,2025,2025
2025-12-28,6.75119808,8,12,2025,2025
2025-12-29,6.00285312,3,12,2025,2025
2025-12-30,9.99402624,3,12,2025,2025
2025-12-31,8.796674304,5,12,2025,2025
2026-01-01,8.08914816,11,1,2026,2025
2026-01-02,5.50395648,8,1,2026,2025
2026-01-03,9.99402624,6,1,2026,2025
2026-01-04,7.8875737599999995,9,1,2026,2025
2026-01-05,6.6264739200000005,8,1,2026,2025
2026-01-06,6.4977264,4,1,2026,2025
2026-01-07,6.74717472,4,1,2026,2025
2026-01-08,2.9933798400000002,2,1,2026,2025
2026-01-10,6.25230144,8,1,2026,2025
2026-01-11,5.50395648,4,1,2026,2025
2026-01-12,2.8038348800000006,9,1,2026,2025
2026-01-13,2.0465491200000003,6,1,2026,2025
2026-01-14,3.41180928,6,1,2026,2025
2026-01-15,4.61881728,13,1,2026,2025
2026-01-16,2.51057664,8,1,2026,2025
2026-01-17,3.4118092800000004,11,1,2026,2025
2026-01-18,4.499725824,10,1,2026,2025
2026-01-19,5.00505984,4,1,2026,2025
2026-01-20,4.838760960000001,12,1,2026,2025
2026-01-21,6.09209856,11,1,2026,2025
2026-01-22,4.575135085714286,7,1,2026,2025
2026-01-23,4.91435136,11,1,2026,2025
2026-01-24,3.8382854400000004,6,1,2026,2025
2026-01-25,5.201399808,10,1,2026,2025
2026-01-27,4.67246208,6,1,2026,2025
2026-01-28,4.08505152,6,1,2026,2025
2026-01-29,4.67246208,6,1,2026,2025
2026-01-30,4.130649600000001,12,1,2026,2025
2026-01-31,4.91922816,6,1,2026,2025
2026-02-01,7.0006464,6,2,2026,2025
2026-02-02,6.0935616,11,2,2026,2025
2026-02-03,9.30200832,13,2,2026,2025
2026-02-04,5.287844571428572,7,2,2026,2025
2026-02-05,8.27056512,11,2,2026,2025
2026-02-06,6.6015290879999995,10,2,2026,2025
2026-02-07,9.566400548571428,7,2,2026,2025
2026-02-08,9.57827904,12,2,2026,2025
2026-02-09,9.05166592,18,2,2026,2025
2026-02-10,6.715562605714285,7,2,2026,2025
2026-02-11,8.03434043076923,13,2,2026,2025
2026-02-12,8.68442256,8,2,2026,2025
2026-02-13,8.196388992,10,2,2026,2025
2026-02-14,9.99402624,5,2,2026,2025
2026-02-15,8.924962011428573,7,2,2026,2025
2026-02-16,7.99843968,3,2,2026,2025
2026-02-17,8.270565119999999,11,2,2026,2025
2026-02-18,6.00285312,4,2,2026,2025
2026-02-19,6.81922944,11,2,2026,2025
2026-02-20,4.0382154830769235,13,2,2026,2025
2026-02-21,4.007266560000001,13,2,2026,2025
2026-02-22,4.89419392,9,2,2026,2025
2026-02-23,5.645348845714286,14,2,2026,2025
2026-02-24,5.290143634285714,7,2,2026,2025
2026-02-25,5.00505984,7,2,2026,2025
2026-02-26,4.007266560000001,10,2,2026,2025
2026-02-27,4.406383872000001,10,2,2026,2025
2026-02-28,5.270065152000001,15,2,2026,2025
2026-03-01,6.801087744,15,3,2026,2025
2026-03-02,6.55718272,18,3,2026,2025
2026-03-03,6.6264739200000005,8,3,2026,2025
2026-03-04,5.00505984,1,3,2026,2025
2026-03-05,6.50174976,6,3,2026,2025
2026-03-06,7.428272091428572,7,3,2026,2025
2026-03-07,7.8875737599999995,9,3,2026,2025
2026-03-08,6.75119808,8,3,2026,2025
2026-03-09,6.786833554285714,14,3,2026,2025
2026-03-10,6.88978048,9,3,2026,2025
2026-03-11,9.694688256000001,10,3,2026,2025
2026-03-12,8.84272630153846,13,3,2026,2025
2026-03-13,8.99623296,6,3,2026,2025
2026-03-14,9.594908928,5,3,2026,2025
2026-03-15,9.99402624,7,3,2026,2025
2026-03-16,9.566400548571428,14,3,2026,2025
2026-03-17,9.10709888,9,3,2026,2025
2026-03-18,9.99402624,4,3,2026,2025
2026-03-19,9.99402624,11,3,2026,2025
2026-03-20,8.99623296,9,3,2026,2025
2026-03-21,9.99402624,12,3,2026,2025
2026-03-22,9.4951296,14,3,2026,2025
2026-03-23,9.4951296,10,3,2026,2025
2026-03-24,9.99402624,3,3,2026,2025
2026-03-26,9.99402624,1,3,2026,2025
2026-03-27,9.99402624,3,3,2026,2025
